# s_m; t_s; ax_mps2; ay_mps2; atot_mps2
0.0; 0.000; 1.373; -2.821; 3.137
3.0; 0.053; 1.356; -2.998; 3.290
6.0; 0.105; 1.340; -3.094; 3.372
9.0; 0.158; 1.325; -3.089; 3.361
12.0; 0.211; 1.309; -2.964; 3.240
15.0; 0.263; -0.110; -2.732; 2.734
18.0; 0.316; -2.645; -2.419; 3.585
21.0; 0.368; -5.878; -2.053; 6.226
24.0; 0.421; -9.386; -1.660; 9.532
27.0; 0.475; -12.738; -1.266; 12.801
30.0; 0.530; -15.490; -0.895; 15.515
33.0; 0.585; -17.175; -0.565; 17.184
36.0; 0.641; -17.305; -0.266; 17.307
39.0; 0.699; -17.118; -0.067; 17.118
42.0; 0.757; -16.869; -0.000; 16.869
45.0; 0.817; -16.591; 0.000; 16.591
48.0; 0.878; -16.318; 0.000; 16.318
51.0; 0.940; -16.049; -0.000; 16.049
54.0; 1.004; -15.785; -0.000; 15.785
57.0; 1.069; -15.525; -0.000; 15.525
60.0; 1.135; -15.269; -0.000; 15.269
63.0; 1.203; -15.018; -0.000; 15.018
66.0; 1.272; -14.770; -0.000; 14.770
69.0; 1.344; -14.527; -0.000; 14.527
72.0; 1.416; -14.288; -0.000; 14.288
75.0; 1.491; -14.053; -0.000; 14.053
78.0; 1.568; -13.821; -0.000; 13.821
81.0; 1.647; -13.594; -0.000; 13.594
84.0; 1.729; -13.370; -0.000; 13.370
87.0; 1.812; -13.151; -0.000; 13.151
90.0; 1.899; -12.934; -0.000; 12.934
93.0; 1.988; -12.678; -0.087; 12.679
96.0; 2.081; -12.349; -0.321; 12.353
99.0; 2.177; -11.939; -0.701; 11.960
102.0; 2.277; -11.456; -1.201; 11.519
105.0; 2.382; -10.914; -1.782; 11.058
108.0; 2.490; -10.323; -2.415; 10.602
111.0; 2.604; -9.684; -3.090; 10.165
114.0; 2.723; -8.987; -3.814; 9.763
117.0; 2.847; -8.222; -4.590; 9.416
120.0; 2.977; -7.387; -5.412; 9.158
123.0; 3.112; -6.509; -6.243; 9.019
126.0; 3.254; -5.638; -7.027; 9.009
129.0; 3.403; -4.837; -7.705; 9.097
132.0; 3.558; -4.153; -8.240; 9.227
135.0; 3.719; -3.600; -8.633; 9.353
138.0; 3.885; -3.155; -8.911; 9.453
141.0; 4.055; -2.787; -9.107; 9.524
144.0; 4.228; -2.478; -9.242; 9.568
147.0; 4.403; -2.235; -9.323; 9.588
150.0; 4.580; -2.075; -9.354; 9.581
153.0; 4.759; -1.986; -9.340; 9.549
156.0; 4.941; -1.934; -9.287; 9.486
159.0; 5.125; -0.813; -9.289; 9.324
162.0; 5.312; 0.522; -9.286; 9.301
165.0; 5.501; 0.419; -9.333; 9.343
168.0; 5.692; 0.233; -9.387; 9.390
171.0; 5.885; 0.586; -9.111; 9.130
174.0; 6.079; 1.775; -8.036; 8.229
177.0; 6.272; 1.768; -7.970; 8.163
180.0; 6.463; 1.496; -8.234; 8.369
183.0; 6.651; 1.468; -8.260; 8.389
186.0; 6.836; 1.691; -8.015; 8.191
189.0; 7.016; 2.082; -7.547; 7.829
192.0; 7.191; 2.530; -6.956; 7.401
195.0; 7.361; 2.959; -6.334; 6.991
198.0; 7.526; 3.347; -5.722; 6.629
201.0; 7.685; 3.695; -5.130; 6.322
204.0; 7.838; 4.003; -4.564; 6.071
207.0; 7.986; 4.276; -4.027; 5.873
210.0; 8.129; 4.516; -3.519; 5.725
213.0; 8.267; 4.728; -3.038; 5.620
216.0; 8.401; 4.918; -2.579; 5.553
219.0; 8.531; 5.089; -2.137; 5.519
222.0; 8.657; 5.243; -1.708; 5.515
225.0; 8.780; 5.381; -1.299; 5.536
228.0; 8.900; 5.499; -0.923; 5.576
231.0; 9.018; 5.595; -0.593; 5.626
234.0; 9.132; 5.682; -0.272; 5.689
237.0; 9.245; 5.699; 0.189; 5.702
240.0; 9.354; 5.373; 1.242; 5.514
243.0; 9.462; 4.844; 2.690; 5.540
246.0; 9.569; 0.944; 4.227; 4.331
249.0; 9.676; -4.159; 5.531; 6.920
252.0; 9.786; -7.062; 6.422; 9.546
255.0; 9.899; -6.578; 6.922; 9.549
258.0; 10.015; -6.227; 7.190; 9.512
261.0; 10.135; -5.960; 7.335; 9.451
264.0; 10.258; -5.751; 7.430; 9.396
267.0; 10.385; -5.575; 7.494; 9.341
270.0; 10.517; -5.340; 7.607; 9.294
273.0; 10.653; -5.002; 7.806; 9.271
276.0; 10.794; -4.591; 8.074; 9.288
279.0; 10.940; -4.153; 8.365; 9.339
282.0; 11.091; -3.737; 8.636; 9.409
285.0; 11.250; -3.368; 8.860; 9.478
288.0; 11.415; -3.047; 9.035; 9.535
291.0; 11.586; -2.760; 9.170; 9.576
294.0; 11.761; -2.501; 9.270; 9.602
297.0; 11.938; -2.275; 9.337; 9.610
300.0; 12.117; -2.105; 9.364; 9.597
303.0; 12.299; -1.994; 9.346; 9.556
306.0; 12.484; -1.921; 9.276; 9.473
309.0; 12.674; -0.770; 9.233; 9.265
312.0; 12.867; 0.832; 9.175; 9.212
315.0; 13.063; 0.908; 9.150; 9.195
318.0; 13.261; 0.945; 9.147; 9.195
321.0; 13.460; 0.943; 9.159; 9.207
324.0; 13.659; 0.898; 9.180; 9.223
327.0; 13.857; 0.784; 9.176; 9.210
330.0; 14.052; 0.555; 8.979; 8.996
333.0; 14.242; 2.642; 6.487; 7.004
336.0; 14.420; 5.233; 1.904; 5.569
339.0; 14.587; 5.820; 0.090; 5.820
342.0; 14.744; 5.151; -2.094; 5.560
345.0; 14.897; -1.723; -4.867; 5.163
348.0; 15.055; -5.163; -7.037; 8.728
351.0; 15.220; -3.700; -8.325; 9.110
354.0; 15.389; -2.882; -8.917; 9.371
357.0; 15.564; -2.475; -9.160; 9.489
360.0; 15.743; -2.264; -9.252; 9.525
363.0; 15.926; -2.138; -9.276; 9.519
366.0; 16.114; -2.054; -9.263; 9.489
369.0; 16.307; -1.997; -9.223; 9.436
372.0; 16.506; -1.955; -9.145; 9.352
375.0; 16.711; -0.854; -9.132; 9.172
378.0; 16.919; 0.608; -9.117; 9.138
381.0; 17.126; 0.644; -9.161; 9.184
384.0; 17.334; 0.434; -9.254; 9.264
387.0; 17.541; 0.216; -9.265; 9.268
390.0; 17.745; 1.493; -8.208; 8.343
393.0; 17.945; 2.110; -7.457; 7.750
396.0; 18.140; 1.901; -7.666; 7.898
399.0; 18.332; 1.874; -7.700; 7.925
402.0; 18.522; 2.092; -7.447; 7.736
405.0; 18.707; 2.463; -6.979; 7.401
408.0; 18.888; 2.884; -6.398; 7.018
411.0; 19.064; 3.290; -5.784; 6.654
414.0; 19.235; 3.658; -5.178; 6.340
417.0; 19.400; 3.982; -4.600; 6.084
420.0; 19.560; 4.261; -4.063; 5.887
423.0; 19.715; 4.497; -3.574; 5.744
426.0; 19.864; 4.695; -3.135; 5.645
429.0; 20.008; 4.860; -2.745; 5.582
432.0; 20.147; 4.997; -2.400; 5.544
435.0; 20.282; 5.111; -2.097; 5.525
438.0; 20.412; 5.206; -1.831; 5.518
441.0; 20.538; 5.283; -1.601; 5.520
444.0; 20.660; 5.344; -1.409; 5.527
447.0; 20.779; 5.386; -1.267; 5.533
450.0; 20.896; 5.403; -1.198; 5.534
453.0; 21.009; 5.384; -1.235; 5.524
456.0; 21.120; 5.313; -1.425; 5.501
459.0; 21.228; 5.173; -1.811; 5.480
462.0; 21.335; 4.950; -2.395; 5.499
465.0; 21.439; 4.661; -3.101; 5.598
468.0; 21.543; 0.476; -3.945; 3.974
471.0; 21.648; -4.827; -4.823; 6.824
474.0; 21.756; -7.878; -5.584; 9.657
477.0; 21.868; -7.365; -6.095; 9.560
480.0; 21.984; -6.977; -6.399; 9.468
483.0; 22.104; -6.639; -6.622; 9.377
486.0; 22.229; -6.262; -6.871; 9.296
489.0; 22.359; -5.805; -7.196; 9.246
492.0; 22.493; -5.281; -7.585; 9.242
495.0; 22.631; -4.745; -7.982; 9.286
498.0; 22.774; -4.255; -8.334; 9.358
501.0; 22.922; -3.843; -8.613; 9.432
504.0; 23.073; -3.508; -8.821; 9.493
507.0; 23.228; -3.224; -8.977; 9.538
510.0; 23.386; -2.963; -9.102; 9.572
513.0; 23.547; -2.702; -9.210; 9.598
516.0; 23.710; -2.447; -9.301; 9.618
519.0; 23.876; -2.227; -9.362; 9.624
522.0; 24.044; -2.072; -9.383; 9.609
525.0; 24.215; -1.978; -9.360; 9.567
528.0; 24.389; -1.916; -9.290; 9.485
531.0; 24.567; -0.548; -9.259; 9.276
534.0; 24.746; 0.781; -9.214; 9.247
537.0; 24.927; 0.835; -9.202; 9.240
540.0; 25.110; 0.843; -9.212; 9.250
543.0; 25.294; 0.802; -9.232; 9.267
546.0; 25.480; 0.690; -9.221; 9.246
549.0; 25.666; 0.508; -8.957; 8.971
552.0; 25.848; 3.058; -5.950; 6.690
555.0; 26.023; 5.338; -1.615; 5.577
558.0; 26.188; 5.752; 0.323; 5.761
561.0; 26.344; 4.745; 3.088; 5.661
564.0; 26.496; 2.874; 5.866; 6.532
567.0; 26.647; -2.911; 7.870; 8.391
570.0; 26.801; -3.161; 8.814; 9.364
573.0; 26.957; -2.502; 9.254; 9.586
576.0; 27.116; -2.018; 9.419; 9.632
579.0; 27.277; -1.320; 9.469; 9.560
582.0; 27.440; -0.871; 9.462; 9.502
585.0; 27.604; -0.842; 9.420; 9.458
588.0; 27.770; -0.047; 9.398; 9.398
591.0; 27.935; 0.397; 9.415; 9.423
594.0; 28.102; 0.282; 9.456; 9.460
597.0; 28.269; 0.227; 9.442; 9.444
600.0; 28.438; 0.834; 9.025; 9.063
603.0; 28.605; 1.699; 8.218; 8.391
606.0; 28.771; 1.672; 8.188; 8.357
609.0; 28.937; 1.365; 8.475; 8.584
612.0; 29.103; 1.190; 8.638; 8.719
615.0; 29.269; 1.206; 8.621; 8.705
618.0; 29.435; 1.390; 8.433; 8.546
621.0; 29.600; 1.691; 8.099; 8.274
624.0; 29.764; 2.031; 7.687; 7.950
627.0; 29.925; 2.344; 7.276; 7.644
630.0; 30.084; 2.604; 6.913; 7.388
633.0; 30.240; 2.805; 6.622; 7.191
636.0; 30.393; 2.940; 6.422; 7.063
639.0; 30.544; 2.997; 6.342; 7.014
642.0; 30.691; 2.960; 6.413; 7.063
645.0; 30.835; 2.813; 6.659; 7.229
648.0; 30.977; 2.557; 7.065; 7.514
651.0; 31.117; 2.228; 7.554; 7.876
654.0; 31.255; 1.904; 7.999; 8.222
657.0; 31.392; 1.668; 8.291; 8.458
660.0; 31.528; 1.592; 8.368; 8.518
663.0; 31.664; 0.120; 8.320; 8.321
666.0; 31.802; -2.971; 8.176; 8.699
669.0; 31.944; -4.751; 8.003; 9.307
672.0; 32.091; -4.727; 7.855; 9.167
675.0; 32.244; -4.821; 7.745; 9.123
678.0; 32.403; -4.757; 7.799; 9.135
681.0; 32.568; -4.297; 8.080; 9.152
684.0; 32.740; -3.623; 8.524; 9.262
687.0; 32.919; -3.039; 8.893; 9.398
690.0; 33.106; -2.670; 9.108; 9.491
693.0; 33.302; -2.472; 9.203; 9.529
696.0; 33.507; -2.368; 9.228; 9.527
699.0; 33.717; -2.302; 9.219; 9.502
702.0; 33.933; -2.234; 9.196; 9.464
705.0; 34.153; -2.154; 9.161; 9.411
708.0; 34.377; -2.074; 9.092; 9.326
711.0; 34.607; -1.641; 8.997; 9.145
714.0; 34.837; 0.899; 9.024; 9.069
717.0; 35.064; 0.919; 9.016; 9.062
720.0; 35.287; 0.798; 8.860; 8.896
723.0; 35.504; 2.747; 6.164; 6.748
726.0; 35.707; 5.831; -0.134; 5.833
729.0; 35.897; 4.265; -4.088; 5.908
732.0; 36.089; -4.035; -7.403; 8.431
735.0; 36.290; -2.931; -8.693; 9.174
738.0; 36.502; -2.344; -9.069; 9.367
741.0; 36.722; -2.176; -9.152; 9.407
744.0; 36.951; -1.002; -9.212; 9.266
747.0; 37.184; 0.213; -8.891; 8.893
750.0; 37.417; 1.160; -8.439; 8.519
753.0; 37.647; 1.057; -8.522; 8.588
756.0; 37.874; 0.914; -8.658; 8.706
759.0; 38.098; 0.930; -8.666; 8.716
762.0; 38.317; 1.106; -8.523; 8.595
765.0; 38.532; 1.429; -8.210; 8.334
768.0; 38.740; 1.861; -7.736; 7.956
771.0; 38.940; 2.329; -7.161; 7.531
774.0; 39.133; 2.778; -6.553; 7.117
777.0; 39.317; 3.189; -5.944; 6.746
780.0; 39.493; 3.556; -5.354; 6.427
783.0; 39.662; 3.876; -4.797; 6.167
786.0; 39.825; 4.149; -4.285; 5.964
789.0; 39.981; 4.378; -3.824; 5.813
792.0; 40.132; 4.569; -3.417; 5.705
795.0; 40.277; 4.726; -3.060; 5.630
798.0; 40.417; 4.855; -2.749; 5.580
801.0; 40.552; 4.962; -2.478; 5.547
804.0; 40.683; 5.051; -2.241; 5.526
807.0; 40.810; 5.126; -2.034; 5.514
810.0; 40.934; 5.188; -1.851; 5.508
813.0; 41.054; 5.241; -1.688; 5.506
816.0; 41.172; 5.287; -1.542; 5.507
819.0; 41.286; 5.325; -1.412; 5.509
822.0; 41.398; 5.359; -1.294; 5.513
825.0; 41.507; 5.388; -1.187; 5.517
828.0; 41.614; 5.413; -1.089; 5.521
831.0; 41.719; 5.435; -1.000; 5.526
834.0; 41.822; 5.454; -0.918; 5.531
837.0; 41.923; 5.470; -0.842; 5.535
840.0; 42.023; 5.485; -0.773; 5.539
843.0; 42.120; 5.497; -0.709; 5.543
846.0; 42.216; 5.508; -0.650; 5.546
849.0; 42.311; 5.516; -0.596; 5.549
852.0; 42.404; 5.524; -0.546; 5.551
855.0; 42.495; 5.530; -0.500; 5.553
858.0; 42.585; 5.535; -0.458; 5.554
861.0; 42.674; 5.538; -0.421; 5.554
864.0; 42.762; 5.541; -0.387; 5.554
867.0; 42.848; 5.542; -0.357; 5.553
870.0; 42.933; 5.542; -0.331; 5.551
873.0; 43.017; 5.540; -0.309; 5.549
876.0; 43.100; 5.538; -0.291; 5.545
879.0; 43.182; 5.534; -0.278; 5.541
882.0; 43.263; 5.528; -0.270; 5.535
885.0; 43.342; 5.522; -0.268; 5.528
888.0; 43.421; 5.513; -0.272; 5.519
891.0; 43.499; 5.502; -0.285; 5.509
894.0; 43.577; 5.487; -0.309; 5.496
897.0; 43.653; 5.468; -0.349; 5.479
900.0; 43.729; 5.442; -0.414; 5.458
903.0; 43.803; 5.405; -0.515; 5.430
906.0; 43.877; 5.353; -0.668; 5.394
909.0; 43.951; 5.278; -0.891; 5.353
912.0; 44.023; 5.175; -1.198; 5.312
915.0; 44.095; 5.041; -1.587; 5.285
918.0; 44.167; 4.878; -2.039; 5.287
921.0; 44.237; 4.704; -2.496; 5.325
924.0; 44.308; 4.552; -2.869; 5.380
927.0; 44.377; 4.464; -3.056; 5.410
930.0; 44.446; 2.636; -3.006; 3.998
933.0; 44.516; -0.934; -2.728; 2.883
936.0; 44.585; -5.339; -2.261; 5.798
939.0; 44.656; -9.645; -1.690; 9.792
942.0; 44.727; -12.866; -1.102; 12.913
945.0; 44.801; -13.940; -0.557; 13.951
948.0; 44.877; -13.910; -0.157; 13.911
951.0; 44.954; -13.758; -0.000; 13.758
954.0; 45.034; -13.531; 0.000; 13.531
957.0; 45.116; -13.308; -0.000; 13.308
960.0; 45.201; -13.088; -0.000; 13.088
963.0; 45.289; -12.855; -0.034; 12.855
966.0; 45.380; -12.511; -0.288; 12.515
969.0; 45.474; -12.034; -0.781; 12.059
972.0; 45.572; -11.410; -1.498; 11.508
975.0; 45.673; -10.652; -2.382; 10.915
978.0; 45.778; -9.783; -3.366; 10.346
981.0; 45.887; -8.830; -4.393; 9.863
984.0; 45.999; -7.831; -5.411; 9.518
987.0; 46.116; -6.848; -6.353; 9.341
990.0; 46.236; -5.966; -7.150; 9.312
993.0; 46.360; -5.250; -7.758; 9.368
996.0; 46.489; -4.716; -8.183; 9.445
999.0; 46.623; -4.328; -8.464; 9.506
1002.0; 46.762; -4.012; -8.664; 9.548
1005.0; 46.905; -3.695; -8.840; 9.581
1008.0; 47.051; -3.429; -8.975; 9.608
1011.0; 47.199; -3.206; -9.077; 9.627
1014.0; 47.349; -3.025; -9.150; 9.637
1017.0; 47.500; -2.720; -9.269; 9.660
1020.0; 47.653; -2.393; -9.384; 9.685
1023.0; 47.807; -2.153; -9.449; 9.691
1026.0; 47.963; -2.021; -9.458; 9.671
1029.0; 48.121; -1.731; -9.434; 9.591
1032.0; 48.281; -0.821; -9.422; 9.457
1035.0; 48.444; 0.487; -9.405; 9.417
1038.0; 48.607; 0.451; -9.424; 9.435
1041.0; 48.773; 0.336; -9.468; 9.474
1044.0; 48.943; 0.221; -9.484; 9.486
1047.0; 49.116; 0.669; -9.174; 9.199
1050.0; 49.291; 1.680; -8.271; 8.440
1053.0; 49.465; 1.728; -8.158; 8.338
1056.0; 49.638; 1.382; -8.483; 8.595
1059.0; 49.810; 1.185; -8.666; 8.747
1062.0; 49.979; 1.203; -8.646; 8.729
1065.0; 50.147; 1.404; -8.438; 8.554
1068.0; 50.312; 1.728; -8.074; 8.256
1071.0; 50.473; 2.090; -7.625; 7.906
1074.0; 50.631; 2.430; -7.166; 7.567
1077.0; 50.784; 2.733; -6.728; 7.262
1080.0; 50.933; 3.004; -6.313; 6.991
1083.0; 51.077; 3.248; -5.920; 6.753
1086.0; 51.218; 3.465; -5.554; 6.546
1089.0; 51.355; 3.656; -5.217; 6.370
1092.0; 51.490; 3.821; -4.912; 6.223
1095.0; 51.622; 3.962; -4.643; 6.104
1098.0; 51.752; 4.077; -4.414; 6.009
1101.0; 51.879; 4.167; -4.230; 5.938
1104.0; 52.004; 4.230; -4.096; 5.888
1107.0; 52.125; 4.266; -4.017; 5.859
1110.0; 52.243; 4.271; -4.001; 5.852
1113.0; 52.359; 4.242; -4.058; 5.871
1116.0; 52.471; 4.172; -4.203; 5.922
1119.0; 52.580; 4.052; -4.451; 6.019
1122.0; 52.687; 3.872; -4.814; 6.178
1125.0; 52.792; 3.626; -5.295; 6.417
1128.0; 52.895; 3.321; -5.861; 6.737
1131.0; 52.996; 2.988; -6.443; 7.102
1134.0; 53.097; 2.682; -6.939; 7.439
1137.0; 53.196; 2.472; -7.244; 7.655
1140.0; 53.295; 2.438; -7.254; 7.653
1143.0; 53.393; 2.679; -6.813; 7.321
1146.0; 53.490; 2.433; -5.729; 6.224
1149.0; 53.587; -1.378; -3.951; 4.185
1152.0; 53.686; -6.574; -1.565; 6.758
1155.0; 53.789; -10.346; 1.142; 10.409
1158.0; 53.897; -9.302; 3.645; 9.990
1161.0; 54.010; -7.605; 5.576; 9.430
1164.0; 54.127; -6.335; 6.857; 9.336
1167.0; 54.249; -5.468; 7.649; 9.403
1170.0; 54.374; -4.898; 8.121; 9.484
1173.0; 54.503; -4.507; 8.407; 9.539
1176.0; 54.635; -4.158; 8.626; 9.576
1179.0; 54.768; -3.845; 8.802; 9.605
1182.0; 54.904; -3.603; 8.918; 9.619
1185.0; 55.041; -3.387; 9.018; 9.633
1188.0; 55.181; -3.205; 9.093; 9.642
1191.0; 55.322; -3.054; 9.148; 9.644
1194.0; 55.465; -2.909; 9.202; 9.651
1197.0; 55.611; -2.619; 9.307; 9.669
1200.0; 55.759; -2.319; 9.404; 9.685
1203.0; 55.911; -1.971; 9.460; 9.663
1206.0; 56.065; -1.234; 9.500; 9.580
1209.0; 56.222; -1.061; 9.497; 9.556
1212.0; 56.382; -1.224; 9.470; 9.549
1215.0; 56.546; -1.262; 9.444; 9.528
1218.0; 56.713; -1.002; 9.433; 9.486
1221.0; 56.884; -0.822; 9.425; 9.461
1224.0; 57.058; -0.817; 9.413; 9.448
1227.0; 57.235; -0.817; 9.406; 9.442
1230.0; 57.415; -0.823; 9.406; 9.442
1233.0; 57.597; -0.702; 9.411; 9.438
1236.0; 57.781; 0.247; 9.350; 9.354
1239.0; 57.964; 1.036; 8.796; 8.856
1242.0; 58.144; 1.567; 8.279; 8.426
1245.0; 58.320; 1.295; 8.507; 8.605
1248.0; 58.494; 0.945; 8.806; 8.857
1251.0; 58.666; 0.744; 8.971; 9.002
1254.0; 58.837; 0.681; 9.029; 9.054
1257.0; 59.006; 0.708; 9.020; 9.048
1260.0; 59.174; 0.775; 8.982; 9.015
1263.0; 59.341; 0.832; 8.947; 8.985
1266.0; 59.505; 0.855; 8.935; 8.976
1269.0; 59.668; 0.851; 8.945; 8.986
1272.0; 59.829; 0.837; 8.964; 9.003
1275.0; 59.989; 0.834; 8.976; 9.014
1278.0; 60.148; 0.856; 8.967; 9.008
1281.0; 60.306; 0.930; 8.908; 8.956
1284.0; 60.464; 1.114; 8.724; 8.795
1287.0; 60.621; 1.545; 8.233; 8.376
1290.0; 60.776; 2.430; 7.080; 7.486
1293.0; 60.928; 3.720; 5.047; 6.269
1296.0; 61.076; 4.983; 2.438; 5.548
1299.0; 61.220; 5.684; -0.488; 5.705
1302.0; 61.360; 4.385; -3.892; 5.863
1305.0; 61.498; 2.909; -6.602; 7.214
1308.0; 61.637; -1.082; -8.378; 8.447
1311.0; 61.777; -2.230; -9.201; 9.468
1314.0; 61.919; -0.976; -9.573; 9.623
1317.0; 62.061; -0.184; -9.657; 9.659
1320.0; 62.202; -0.813; -9.672; 9.706
1323.0; 62.343; -0.966; -9.666; 9.714
1326.0; 62.484; -0.940; -9.651; 9.697
1329.0; 62.625; -0.916; -9.633; 9.677
1332.0; 62.767; -0.896; -9.614; 9.655
1335.0; 62.909; 0.216; -9.615; 9.618
1338.0; 63.052; 0.171; -9.624; 9.625
1341.0; 63.195; 0.211; -9.582; 9.584
1344.0; 63.337; 0.605; -9.331; 9.351
1347.0; 63.480; 1.285; -8.780; 8.874
1350.0; 63.620; 1.556; -8.492; 8.633
1353.0; 63.760; 1.347; -8.669; 8.773
1356.0; 63.898; 1.032; -8.945; 9.004
1359.0; 64.036; 0.798; -9.141; 9.176
1362.0; 64.173; 0.675; -9.244; 9.269
1365.0; 64.310; 0.649; -9.273; 9.295
1368.0; 64.446; 0.702; -9.240; 9.266
1371.0; 64.583; 0.818; -9.149; 9.186
1374.0; 64.719; 0.982; -9.005; 9.059
1377.0; 64.855; 1.171; -8.818; 8.896
1380.0; 64.990; 1.371; -8.600; 8.709
1383.0; 65.125; 1.576; -8.358; 8.505
1386.0; 65.259; 1.792; -8.088; 8.284
1389.0; 65.392; 2.023; -7.786; 8.045
1392.0; 65.524; 2.266; -7.454; 7.790
1395.0; 65.654; 2.513; -7.099; 7.530
1398.0; 65.783; 2.757; -6.732; 7.275
1401.0; 65.911; 2.990; -6.365; 7.032
1404.0; 66.036; 3.209; -6.002; 6.806
1407.0; 66.160; 3.414; -5.649; 6.601
1410.0; 66.282; 3.603; -5.310; 6.417
1413.0; 66.402; 3.776; -4.986; 6.255
1416.0; 66.520; 3.933; -4.680; 6.113
1419.0; 66.637; 4.075; -4.393; 5.992
1422.0; 66.751; 4.203; -4.125; 5.889
1425.0; 66.864; 4.317; -3.876; 5.802
1428.0; 66.974; 4.419; -3.647; 5.729
1431.0; 67.083; 4.509; -3.436; 5.669
1434.0; 67.190; 4.590; -3.242; 5.619
1437.0; 67.295; 4.661; -3.064; 5.578
1440.0; 67.398; 4.723; -2.903; 5.544
1443.0; 67.500; 4.778; -2.757; 5.516
1446.0; 67.599; 4.825; -2.626; 5.493
1449.0; 67.698; 4.865; -2.512; 5.475
1452.0; 67.795; 4.897; -2.416; 5.460
1455.0; 67.890; 4.920; -2.341; 5.448
1458.0; 67.984; 4.933; -2.292; 5.439
1461.0; 68.077; 4.933; -2.277; 5.433
1464.0; 68.168; 4.917; -2.303; 5.430
1467.0; 68.258; 4.884; -2.376; 5.432
1470.0; 68.346; 4.833; -2.495; 5.439
1473.0; 68.434; 4.772; -2.637; 5.452
1476.0; 68.520; 4.718; -2.755; 5.464
1479.0; 68.606; 4.703; -2.770; 5.458
1482.0; 68.690; 4.458; -2.603; 5.162
1485.0; 68.774; 0.951; -2.255; 2.447
1488.0; 68.858; -4.174; -1.770; 4.533
1491.0; 68.943; -9.243; -1.222; 9.323
1494.0; 69.030; -12.493; -0.689; 12.512
1497.0; 69.121; -12.523; -0.230; 12.525
1500.0; 69.215; -12.430; -0.000; 12.430
1503.0; 69.313; -12.225; -0.000; 12.225
1506.0; 69.415; -12.024; -0.000; 12.024
1509.0; 69.521; -11.811; -0.027; 11.811
1512.0; 69.633; -11.424; -0.397; 11.431
1515.0; 69.751; -10.758; -1.230; 10.828
1518.0; 69.875; -9.738; -2.526; 10.060
1521.0; 70.005; -8.415; -4.091; 9.357
1524.0; 70.142; -6.987; -5.625; 8.970
1527.0; 70.286; -5.671; -6.906; 8.936
1530.0; 70.437; -4.609; -7.843; 9.097
1533.0; 70.596; -3.824; -8.463; 9.287
1536.0; 70.762; -3.251; -8.857; 9.434
1539.0; 70.933; -2.804; -9.112; 9.533
1542.0; 71.110; -2.441; -9.275; 9.591
1545.0; 71.290; -2.178; -9.362; 9.612
1548.0; 71.473; -2.026; -9.379; 9.595
1551.0; 71.657; -1.949; -9.340; 9.541
1554.0; 71.842; -1.160; -9.312; 9.384
1557.0; 72.026; 0.262; -9.298; 9.301
1560.0; 72.208; 0.542; -9.315; 9.331
1563.0; 72.391; 0.417; -9.369; 9.378
1566.0; 72.576; 0.244; -9.405; 9.408
1569.0; 72.763; 0.707; -9.044; 9.072
1572.0; 72.949; 1.928; -7.868; 8.101
1575.0; 73.132; 2.089; -7.589; 7.871
1578.0; 73.312; 2.104; -7.519; 7.808
1581.0; 73.488; 2.480; -7.003; 7.430
1584.0; 73.659; 3.151; -6.014; 6.789
1587.0; 73.823; 3.883; -4.775; 6.154
1590.0; 73.981; 4.534; -3.486; 5.720
1593.0; 74.133; 5.067; -2.249; 5.544
1596.0; 74.278; 5.465; -1.155; 5.586
1599.0; 74.419; 5.714; -0.346; 5.724
1602.0; 74.554; 5.804; -0.000; 5.804
1605.0; 74.684; 5.796; -0.000; 5.796
1608.0; 74.810; 5.788; -0.000; 5.788
1611.0; 74.932; 5.780; -0.000; 5.780
1614.0; 75.049; 5.772; 0.000; 5.772
1617.0; 75.163; 5.764; 0.000; 5.764
1620.0; 75.274; 5.757; 0.000; 5.757
1623.0; 75.382; 5.749; 0.000; 5.749
1626.0; 75.488; 5.693; 0.176; 5.696
1629.0; 75.591; 5.569; 0.578; 5.599
1632.0; 75.693; 5.427; 1.012; 5.521
1635.0; 75.793; 5.325; 1.296; 5.481
1638.0; 75.891; 5.289; 1.377; 5.465
1641.0; 75.988; 5.300; 1.320; 5.462
1644.0; 76.084; 5.336; 1.192; 5.468
1647.0; 76.178; 5.380; 1.039; 5.479
1650.0; 76.270; 5.423; 0.883; 5.494
1653.0; 76.362; 5.463; 0.730; 5.512
1656.0; 76.452; 5.501; 0.582; 5.531
1659.0; 76.541; 5.536; 0.437; 5.553
1662.0; 76.628; 5.569; 0.299; 5.577
1665.0; 76.715; 5.597; 0.174; 5.599
1668.0; 76.800; 5.616; 0.075; 5.617
1671.0; 76.885; 5.625; 0.015; 5.625
1674.0; 76.968; 5.622; 0.000; 5.622
1677.0; 77.050; 5.614; 0.000; 5.614
1680.0; 77.132; 5.606; 0.000; 5.606
1683.0; 77.212; 5.598; 0.000; 5.598
1686.0; 77.292; 5.591; 0.000; 5.591
1689.0; 77.370; 5.583; 0.000; 5.583
1692.0; 77.448; 5.575; 0.000; 5.575
1695.0; 77.525; 5.568; 0.000; 5.568
1698.0; 77.600; 5.560; 0.000; 5.560
1701.0; 77.676; 5.522; 0.110; 5.523
1704.0; 77.750; 5.410; 0.481; 5.432
1707.0; 77.824; 5.300; 0.827; 5.364
1710.0; 77.897; 5.193; 1.140; 5.317
1713.0; 77.969; 5.090; 1.432; 5.288
1716.0; 78.041; 4.991; 1.707; 5.275
1719.0; 78.112; 4.895; 1.964; 5.274
1722.0; 78.182; 4.802; 2.204; 5.284
1725.0; 78.252; 4.713; 2.431; 5.302
1728.0; 78.321; 4.626; 2.645; 5.329
1731.0; 78.390; 4.542; 2.848; 5.361
1734.0; 78.458; 4.460; 3.041; 5.399
1737.0; 78.526; 4.382; 3.225; 5.441
1740.0; 78.594; 4.305; 3.401; 5.486
1743.0; 78.661; 4.231; 3.569; 5.535
1746.0; 78.727; 4.158; 3.730; 5.586
1749.0; 78.793; 4.088; 3.873; 5.632
1752.0; 78.859; 4.022; 3.906; 5.607
1755.0; 78.924; 3.959; 3.822; 5.503
1758.0; 78.989; 3.898; 3.627; 5.324
1761.0; 79.054; 3.838; 3.346; 5.092
1764.0; 79.118; 3.779; 3.018; 4.836
1767.0; 79.182; 3.721; 2.683; 4.587
1770.0; 79.246; 3.663; 2.372; 4.364
1773.0; 79.309; 3.607; 2.103; 4.175
1776.0; 79.372; 3.552; 1.881; 4.019
1779.0; 79.435; 3.498; 1.703; 3.890
1782.0; 79.497; 3.445; 1.561; 3.782
1785.0; 79.559; 3.393; 1.447; 3.689
1788.0; 79.621; 3.342; 1.352; 3.605
1791.0; 79.683; 3.292; 1.270; 3.529
1794.0; 79.744; 3.244; 1.196; 3.457
1797.0; 79.805; 3.196; 1.127; 3.389
1800.0; 79.866; 3.149; 1.062; 3.324
1803.0; 79.927; 3.103; 1.001; 3.261
1806.0; 79.987; 3.058; 0.943; 3.200
1809.0; 80.047; 3.014; 0.887; 3.142
1812.0; 80.107; 2.971; 0.834; 3.086
1815.0; 80.167; 2.929; 0.784; 3.032
1818.0; 80.227; 2.887; 0.737; 2.980
1821.0; 80.286; 2.846; 0.693; 2.929
1824.0; 80.345; 2.806; 0.651; 2.881
1827.0; 80.404; 2.767; 0.612; 2.834
1830.0; 80.463; 2.729; 0.575; 2.788
1833.0; 80.522; 2.691; 0.540; 2.744
1836.0; 80.580; 2.654; 0.508; 2.702
1839.0; 80.639; 2.617; 0.477; 2.660
1842.0; 80.697; 2.581; 0.448; 2.620
1845.0; 80.755; 2.546; 0.421; 2.581
1848.0; 80.813; 2.511; 0.396; 2.542
1851.0; 80.870; 2.477; 0.372; 2.505
1854.0; 80.928; 2.444; 0.349; 2.469
1857.0; 80.985; 2.411; 0.327; 2.433
1860.0; 81.042; 2.379; 0.307; 2.399
1863.0; 81.099; 2.347; 0.287; 2.365
1866.0; 81.156; 2.316; 0.269; 2.332
1869.0; 81.213; 2.285; 0.252; 2.299
1872.0; 81.269; 2.255; 0.235; 2.267
1875.0; 81.326; 2.225; 0.220; 2.236
1878.0; 81.382; 2.196; 0.205; 2.206
1881.0; 81.438; 2.167; 0.190; 2.176
1884.0; 81.494; 2.139; 0.176; 2.146
1887.0; 81.550; 2.111; 0.163; 2.118
1890.0; 81.606; 2.084; 0.150; 2.089
1893.0; 81.662; 2.057; 0.137; 2.062
1896.0; 81.718; 2.031; 0.124; 2.034
1899.0; 81.773; 2.004; 0.111; 2.007
1902.0; 81.828; 1.979; 0.098; 1.981
1905.0; 81.884; 1.953; 0.084; 1.955
1908.0; 81.939; 1.928; 0.070; 1.930
1911.0; 81.994; 1.904; 0.055; 1.905
1914.0; 82.049; 1.880; 0.040; 1.880
1917.0; 82.104; 1.856; 0.024; 1.856
1920.0; 82.158; 1.833; 0.007; 1.833
1923.0; 82.213; 1.809; -0.011; 1.809
1926.0; 82.267; 1.787; -0.030; 1.787
1929.0; 82.322; 1.764; -0.050; 1.765
1932.0; 82.376; 1.742; -0.072; 1.744
1935.0; 82.430; 1.720; -0.096; 1.723
1938.0; 82.485; 1.699; -0.123; 1.703
1941.0; 82.539; 1.678; -0.154; 1.685
1944.0; 82.593; 1.657; -0.191; 1.668
1947.0; 82.647; 1.636; -0.236; 1.653
1950.0; 82.700; 1.616; -0.291; 1.642
1953.0; 82.754; 1.596; -0.360; 1.636
1956.0; 82.808; 1.576; -0.445; 1.638
1959.0; 82.861; 1.557; -0.551; 1.652
1962.0; 82.915; 1.538; -0.681; 1.682
1965.0; 82.968; 1.519; -0.838; 1.734
1968.0; 83.021; 1.500; -1.024; 1.816
1971.0; 83.075; 1.481; -1.241; 1.932
1974.0; 83.128; 1.462; -1.485; 2.084
1977.0; 83.181; 1.444; -1.753; 2.271
1980.0; 83.234; 1.425; -2.035; 2.484
1983.0; 83.287; 1.407; -2.318; 2.712
1986.0; 83.340; 1.390; -2.587; 2.937
1989.0; 83.393; 1.373; -2.821; 3.137
