# s_m; t_s; v_mps; beta_rad; omega_z_radps; n_m; xi_rad
0.0; 0.000; 56.87; 0.00628; -0.06164; 3.63965; 0.01802
3.0; 0.053; 56.94; 0.00686; -0.06241; 3.70849; 0.01470
6.0; 0.105; 57.01; 0.00729; -0.06059; 3.76891; 0.01142
9.0; 0.158; 57.08; 0.00751; -0.05581; 3.82074; 0.00833
12.0; 0.211; 57.15; 0.00746; -0.04793; 3.86409; 0.00560
15.0; 0.263; 57.14; 0.00718; -0.03948; 3.89940; 0.00331
18.0; 0.316; 57.00; 0.00674; -0.03124; 3.92739; 0.00146
21.0; 0.368; 56.69; 0.00619; -0.02291; 3.94901; 0.00005
24.0; 0.421; 56.19; 0.00554; -0.01427; 3.96528; -0.00091
27.0; 0.475; 55.50; 0.00479; -0.00558; 3.97726; -0.00140
30.0; 0.530; 54.66; 0.00390; 0.00244; 3.98596; -0.00145
33.0; 0.585; 53.70; 0.00291; 0.00898; 3.99229; -0.00109
36.0; 0.641; 52.72; 0.00184; 0.01424; 3.99712; -0.00039
39.0; 0.699; 51.74; 0.00081; 0.01467; 4.00118; 0.00049
42.0; 0.757; 50.74; 0.00003; 0.00889; 4.00494; 0.00123
45.0; 0.817; 49.75; -0.00031; 0.00144; 4.00871; 0.00159
48.0; 0.878; 48.75; -0.00027; -0.00236; 4.01270; 0.00165
51.0; 0.940; 47.75; -0.00010; -0.00244; 4.01706; 0.00161
54.0; 1.004; 46.74; 0.00003; -0.00099; 4.02182; 0.00162
57.0; 1.069; 45.73; 0.00006; 0.00015; 4.02696; 0.00172
60.0; 1.135; 44.72; 0.00003; 0.00046; 4.03248; 0.00187
63.0; 1.203; 43.69; 0.00000; 0.00027; 4.03835; 0.00200
66.0; 1.272; 42.66; -0.00001; 0.00003; 4.04441; 0.00202
69.0; 1.344; 41.63; -0.00001; -0.00007; 4.05027; 0.00187
72.0; 1.416; 40.58; -0.00000; -0.00005; 4.05539; 0.00152
75.0; 1.491; 39.52; 0.00000; -0.00001; 4.05919; 0.00098
78.0; 1.568; 38.46; 0.00000; 0.00001; 4.06109; 0.00025
81.0; 1.647; 37.38; 0.00000; 0.00001; 4.06049; -0.00068
84.0; 1.729; 36.29; 0.00000; 0.00000; 4.05680; -0.00181
87.0; 1.812; 35.18; 0.00000; -0.00000; 4.04943; -0.00314
90.0; 1.899; 34.06; 0.00000; -0.00000; 4.03782; -0.00465
93.0; 1.988; 32.92; 0.00005; -0.00492; 4.02128; -0.00642
96.0; 2.081; 31.78; 0.00039; -0.01729; 3.99942; -0.00849
99.0; 2.177; 30.62; 0.00125; -0.03512; 3.97268; -0.01081
102.0; 2.277; 29.47; 0.00259; -0.05612; 3.94175; -0.01348
105.0; 2.382; 28.33; 0.00423; -0.07923; 3.90625; -0.01686
108.0; 2.490; 27.20; 0.00599; -0.10470; 3.86388; -0.02143
111.0; 2.604; 26.09; 0.00775; -0.13354; 3.81027; -0.02780
114.0; 2.723; 25.02; 0.00948; -0.16706; 3.73861; -0.03680
117.0; 2.847; 23.99; 0.01121; -0.20619; 3.63921; -0.04945
120.0; 2.977; 23.02; 0.01299; -0.25082; 3.49915; -0.06693
123.0; 3.112; 22.12; 0.01493; -0.29927; 3.30273; -0.08970
126.0; 3.254; 21.30; 0.01713; -0.34826; 3.03549; -0.11584
129.0; 3.403; 20.56; 0.01968; -0.39398; 2.69255; -0.14094
132.0; 3.558; 19.89; 0.02259; -0.43361; 2.28405; -0.16076
135.0; 3.719; 19.27; 0.02574; -0.46647; 1.83238; -0.17291
138.0; 3.885; 18.70; 0.02900; -0.49383; 1.36644; -0.17641
141.0; 4.055; 18.18; 0.03227; -0.51757; 0.91536; -0.17239
144.0; 4.228; 17.70; 0.03563; -0.53898; 0.50006; -0.16369
147.0; 4.403; 17.24; 0.03927; -0.55861; 0.13251; -0.15151
150.0; 4.580; 16.81; 0.04347; -0.57731; -0.17432; -0.13393
153.0; 4.759; 16.37; 0.04870; -0.59736; -0.40031; -0.10895
156.0; 4.941; 15.93; 0.05590; -0.62301; -0.52451; -0.07962
159.0; 5.125; 15.68; 0.06318; -0.62791; -0.54206; -0.05225
162.0; 5.312; 15.66; 0.06603; -0.58865; -0.46717; -0.02694
165.0; 5.501; 15.63; 0.06117; -0.54899; -0.31758; 0.00030
168.0; 5.692; 15.58; 0.04729; -0.50380; -0.10610; 0.03294
171.0; 5.885; 15.62; 0.02276; -0.44468; 0.16173; 0.07527
174.0; 6.079; 15.95; 0.00035; -0.43984; 0.49425; 0.12089
177.0; 6.272; 16.30; -0.00385; -0.49740; 0.90551; 0.14578
180.0; 6.463; 16.59; -0.00045; -0.51548; 1.35978; 0.14520
183.0; 6.651; 16.86; 0.00268; -0.49895; 1.79618; 0.12744
186.0; 6.836; 17.17; 0.00370; -0.46473; 2.16665; 0.10059
189.0; 7.016; 17.54; 0.00329; -0.42310; 2.44721; 0.07139
192.0; 7.191; 17.99; 0.00265; -0.38002; 2.63689; 0.04454
195.0; 7.361; 18.49; 0.00238; -0.33776; 2.74742; 0.02169
198.0; 7.526; 19.04; 0.00243; -0.29705; 2.79239; 0.00243
201.0; 7.685; 19.63; 0.00264; -0.25855; 2.78265; -0.01417
204.0; 7.838; 20.24; 0.00286; -0.22284; 2.72563; -0.02905
207.0; 7.986; 20.88; 0.00302; -0.19022; 2.62554; -0.04311
210.0; 8.129; 21.52; 0.00310; -0.16065; 2.48376; -0.05719
213.0; 8.267; 22.18; 0.00308; -0.13385; 2.29921; -0.07199
216.0; 8.401; 22.84; 0.00297; -0.10942; 2.06887; -0.08787
219.0; 8.531; 23.50; 0.00277; -0.08696; 1.78969; -0.10421
222.0; 8.657; 24.16; 0.00248; -0.06626; 1.46169; -0.11950
225.0; 8.780; 24.82; 0.00212; -0.04749; 1.08924; -0.13263
228.0; 8.900; 25.49; 0.00170; -0.03124; 0.67873; -0.14352
231.0; 9.018; 26.15; 0.00126; -0.01784; 0.23606; -0.15257
234.0; 9.132; 26.80; 0.00082; -0.00503; -0.23368; -0.16002
237.0; 9.245; 27.44; 0.00033; 0.01468; -0.72522; -0.16549
240.0; 9.354; 28.03; -0.00053; 0.06293; -1.23006; -0.16686
243.0; 9.462; 28.56; -0.00253; 0.12433; -1.73504; -0.16223
246.0; 9.569; 28.66; -0.00606; 0.18975; -2.22476; -0.15096
249.0; 9.676; 28.21; -0.01153; 0.24914; -2.68451; -0.13331
252.0; 9.786; 27.42; -0.01818; 0.28580; -3.10222; -0.11106
255.0; 9.899; 26.66; -0.02341; 0.28677; -3.46849; -0.08756
258.0; 10.015; 25.91; -0.02609; 0.28543; -3.77629; -0.06468
261.0; 10.135; 25.18; -0.02701; 0.28916; -4.02061; -0.04217
264.0; 10.258; 24.44; -0.02707; 0.29801; -4.19745; -0.01931
267.0; 10.385; 23.70; -0.02682; 0.30884; -4.30290; 0.00446
270.0; 10.517; 22.97; -0.02641; 0.32498; -4.33205; 0.02988
273.0; 10.653; 22.26; -0.02618; 0.34859; -4.27786; 0.05808
276.0; 10.794; 21.58; -0.02651; 0.37737; -4.13093; 0.09012
279.0; 10.940; 20.94; -0.02758; 0.40746; -3.88084; 0.12543
282.0; 11.091; 20.33; -0.02936; 0.43577; -3.52230; 0.16002
285.0; 11.250; 19.75; -0.03167; 0.46104; -3.06530; 0.18779
288.0; 11.415; 19.20; -0.03431; 0.48357; -2.53985; 0.20387
291.0; 11.586; 18.67; -0.03716; 0.50448; -1.99188; 0.20530
294.0; 11.761; 18.17; -0.04025; 0.52477; -1.47567; 0.19138
297.0; 11.938; 17.69; -0.04380; 0.54497; -1.03995; 0.16594
300.0; 12.117; 17.24; -0.04824; 0.56588; -0.71191; 0.13545
303.0; 12.299; 16.79; -0.05434; 0.59001; -0.50095; 0.10308
306.0; 12.484; 16.33; -0.06370; 0.62308; -0.41733; 0.06822
309.0; 12.674; 16.06; -0.07538; 0.63975; -0.47909; 0.02943
312.0; 12.867; 16.08; -0.08509; 0.61183; -0.70156; -0.01171
315.0; 13.063; 16.10; -0.09075; 0.59138; -1.07096; -0.04361
318.0; 13.261; 16.12; -0.09316; 0.57505; -1.52719; -0.05458
321.0; 13.460; 16.13; -0.09260; 0.55966; -1.98955; -0.04478
324.0; 13.659; 16.15; -0.08869; 0.54035; -2.38749; -0.01982
327.0; 13.857; 16.15; -0.07990; 0.50568; -2.66786; 0.01463
330.0; 14.052; 16.13; -0.06167; 0.42066; -2.78897; 0.05256
333.0; 14.242; 16.56; -0.02094; 0.17235; -2.71951; 0.07306
336.0; 14.420; 17.49; -0.00099; 0.07583; -2.51828; 0.07658
339.0; 14.587; 18.46; -0.00087; -0.00431; -2.28094; 0.08691
342.0; 14.744; 19.27; -0.00195; -0.12610; -2.01435; 0.09894
345.0; 14.897; 19.01; -0.00064; -0.29367; -1.72526; 0.10099
348.0; 15.055; 18.19; 0.00491; -0.44111; -1.44257; 0.08650
351.0; 15.220; 17.56; 0.01141; -0.52047; -1.20283; 0.06016
354.0; 15.389; 17.05; 0.01821; -0.56306; -1.02726; 0.03013
357.0; 15.564; 16.59; 0.02486; -0.58591; -0.91784; 0.00219
360.0; 15.743; 16.13; 0.03086; -0.60064; -0.86389; -0.01993
363.0; 15.926; 15.68; 0.03617; -0.61381; -0.84704; -0.03423
366.0; 16.114; 15.23; 0.04114; -0.62905; -0.84518; -0.04051
369.0; 16.307; 14.76; 0.04660; -0.64939; -0.83737; -0.04099
372.0; 16.506; 14.28; 0.05420; -0.67967; -0.81150; -0.04231
375.0; 16.711; 14.00; 0.06271; -0.69404; -0.77592; -0.05133
378.0; 16.919; 14.00; 0.06763; -0.65969; -0.75342; -0.06434
381.0; 17.126; 14.00; 0.06508; -0.62252; -0.75943; -0.07258
384.0; 17.334; 13.98; 0.05353; -0.58005; -0.79457; -0.06948
387.0; 17.541; 13.94; 0.03036; -0.52400; -0.84576; -0.04846
390.0; 17.745; 14.22; -0.00135; -0.45767; -0.88770; -0.00558
393.0; 17.945; 14.65; -0.01299; -0.49988; -0.86607; 0.03612
396.0; 18.140; 15.04; -0.01114; -0.52444; -0.75999; 0.05846
399.0; 18.332; 15.42; -0.00772; -0.50971; -0.60123; 0.06617
402.0; 18.522; 15.83; -0.00543; -0.47355; -0.42142; 0.06690
405.0; 18.707; 16.29; -0.00406; -0.42770; -0.23537; 0.06666
408.0; 18.888; 16.82; -0.00296; -0.37913; -0.04213; 0.06885
411.0; 19.064; 17.41; -0.00185; -0.33142; 0.16645; 0.07390
414.0; 19.235; 18.03; -0.00077; -0.28647; 0.39732; 0.08065
417.0; 19.400; 18.70; 0.00017; -0.24542; 0.65320; 0.08772
420.0; 19.560; 19.38; 0.00093; -0.20889; 0.93268; 0.09399
423.0; 19.715; 20.08; 0.00150; -0.17704; 1.23105; 0.09853
426.0; 19.864; 20.78; 0.00188; -0.14967; 1.54092; 0.10060
429.0; 20.008; 21.48; 0.00211; -0.12639; 1.85281; 0.09954
432.0; 20.147; 22.18; 0.00223; -0.10669; 2.15564; 0.09493
435.0; 20.282; 22.87; 0.00225; -0.09006; 2.43848; 0.08721
438.0; 20.412; 23.55; 0.00221; -0.07604; 2.69449; 0.07817
441.0; 20.538; 24.21; 0.00212; -0.06438; 2.92314; 0.06968
444.0; 20.660; 24.87; 0.00200; -0.05507; 3.12753; 0.06236
447.0; 20.779; 25.52; 0.00189; -0.04852; 3.31091; 0.05596
450.0; 20.896; 26.15; 0.00181; -0.04558; 3.47548; 0.05005
453.0; 21.009; 26.76; 0.00181; -0.04761; 3.62212; 0.04409
456.0; 21.120; 27.35; 0.00199; -0.05636; 3.75009; 0.03742
459.0; 21.228; 27.91; 0.00244; -0.07316; 3.85676; 0.02923
462.0; 21.335; 28.44; 0.00329; -0.09735; 3.93753; 0.01881
465.0; 21.439; 28.93; 0.00458; -0.12456; 3.98675; 0.00609
468.0; 21.543; 28.97; 0.00684; -0.16290; 4.00001; -0.00864
471.0; 21.648; 28.46; 0.01063; -0.20667; 3.97563; -0.02498
474.0; 21.756; 27.60; 0.01551; -0.24084; 3.91362; -0.04219
477.0; 21.868; 26.76; 0.01941; -0.24776; 3.81369; -0.05839
480.0; 21.984; 25.93; 0.02143; -0.25270; 3.67592; -0.07235
483.0; 22.104; 25.11; 0.02222; -0.26344; 3.50169; -0.08443
486.0; 22.229; 24.31; 0.02255; -0.28247; 3.29267; -0.09556
489.0; 22.359; 23.54; 0.02302; -0.30923; 3.04958; -0.10689
492.0; 22.493; 22.80; 0.02399; -0.34072; 2.77143; -0.11937
495.0; 22.631; 22.11; 0.02559; -0.37275; 2.45591; -0.13327
498.0; 22.774; 21.47; 0.02773; -0.40186; 2.10195; -0.14728
501.0; 22.922; 20.87; 0.03019; -0.42653; 1.71479; -0.15855
504.0; 23.073; 20.29; 0.03274; -0.44724; 1.30880; -0.16431
507.0; 23.228; 19.74; 0.03518; -0.46563; 0.90488; -0.16312
510.0; 23.386; 19.22; 0.03748; -0.48357; 0.52567; -0.15496
513.0; 23.547; 18.73; 0.03974; -0.50226; 0.19014; -0.14194
516.0; 23.710; 18.27; 0.04225; -0.52185; -0.09273; -0.12767
519.0; 23.876; 17.83; 0.04537; -0.54184; -0.32278; -0.11396
522.0; 24.044; 17.40; 0.04959; -0.56254; -0.49902; -0.09948
525.0; 24.215; 16.98; 0.05559; -0.58629; -0.61261; -0.08198
528.0; 24.389; 16.55; 0.06477; -0.61841; -0.64866; -0.06229
531.0; 24.567; 16.34; 0.07527; -0.62570; -0.59873; -0.04386
534.0; 24.746; 16.34; 0.08327; -0.59845; -0.47041; -0.02852
537.0; 24.927; 16.35; 0.08723; -0.57668; -0.28412; -0.01767
540.0; 25.110; 16.36; 0.08757; -0.55695; -0.06536; -0.01197
543.0; 25.294; 16.36; 0.08405; -0.53440; 0.16134; -0.01040
546.0; 25.480; 16.35; 0.07532; -0.49703; 0.36923; -0.01394
549.0; 25.666; 16.33; 0.05693; -0.40528; 0.51887; -0.02300
552.0; 25.848; 16.83; 0.01771; -0.15333; 0.56585; -0.01870
555.0; 26.023; 17.76; 0.00118; -0.06107; 0.55636; -0.00355
558.0; 26.188; 18.71; 0.00120; 0.02826; 0.56446; 0.00349
561.0; 26.344; 19.46; 0.00229; 0.18287; 0.59451; 0.01041
564.0; 26.496; 19.89; 0.00036; 0.33553; 0.64899; 0.02198
567.0; 26.647; 19.45; -0.00765; 0.47663; 0.73093; 0.04004
570.0; 26.801; 18.95; -0.01893; 0.53829; 0.83913; 0.05889
573.0; 26.957; 18.52; -0.02991; 0.56511; 0.96079; 0.07153
576.0; 27.116; 18.14; -0.04029; 0.57935; 1.07648; 0.07712
579.0; 27.277; 17.86; -0.04954; 0.58014; 1.17217; 0.07852
582.0; 27.440; 17.64; -0.05715; 0.57524; 1.24392; 0.07787
585.0; 27.604; 17.41; -0.06376; 0.57600; 1.29102; 0.07557
588.0; 27.770; 17.29; -0.06787; 0.55565; 1.31040; 0.06903
591.0; 27.935; 17.25; -0.06685; 0.52082; 1.29566; 0.05505
594.0; 28.102; 17.20; -0.05945; 0.48424; 1.24251; 0.03448
597.0; 28.269; 17.16; -0.04482; 0.44253; 1.15437; 0.00898
600.0; 28.438; 17.24; -0.02365; 0.39854; 1.03641; -0.02275
603.0; 28.605; 17.50; -0.00691; 0.41199; 0.87790; -0.05764
606.0; 28.771; 17.78; -0.00317; 0.46693; 0.65363; -0.08580
609.0; 28.937; 18.00; -0.00619; 0.49486; 0.35631; -0.10469
612.0; 29.103; 18.19; -0.01000; 0.49326; -0.00012; -0.11528
615.0; 29.269; 18.37; -0.01211; 0.47469; -0.39123; -0.11896
618.0; 29.435; 18.59; -0.01209; 0.44798; -0.79277; -0.11800
621.0; 29.600; 18.85; -0.01071; 0.41892; -1.18778; -0.11477
624.0; 29.764; 19.17; -0.00908; 0.39110; -1.56923; -0.11129
627.0; 29.925; 19.54; -0.00789; 0.36569; -1.93861; -0.10882
630.0; 30.084; 19.95; -0.00725; 0.34291; -2.30094; -0.10756
633.0; 30.240; 20.38; -0.00701; 0.32355; -2.66043; -0.10701
636.0; 30.393; 20.83; -0.00706; 0.30909; -3.01886; -0.10640
639.0; 30.544; 21.27; -0.00736; 0.30127; -3.37519; -0.10484
642.0; 30.691; 21.70; -0.00794; 0.30176; -3.72528; -0.10126
645.0; 30.835; 22.10; -0.00893; 0.31163; -4.06173; -0.09449
648.0; 30.977; 22.46; -0.01046; 0.33002; -4.37403; -0.08347
651.0; 31.117; 22.76; -0.01264; 0.35219; -4.64982; -0.06783
654.0; 31.255; 23.01; -0.01538; 0.37016; -4.87829; -0.04879
657.0; 31.392; 23.22; -0.01817; 0.37677; -5.05425; -0.02910
660.0; 31.528; 23.41; -0.02022; 0.36758; -5.17963; -0.01184
663.0; 31.664; 23.41; -0.02208; 0.36432; -5.26175; 0.00243
666.0; 31.802; 22.97; -0.02547; 0.37131; -5.30946; 0.01556
669.0; 31.944; 22.26; -0.02886; 0.36472; -5.32753; 0.02801
672.0; 32.091; 21.53; -0.02904; 0.34683; -5.31368; 0.03879
675.0; 32.244; 20.75; -0.02646; 0.34944; -5.26131; 0.04924
678.0; 32.403; 19.96; -0.02360; 0.37540; -5.16084; 0.06313
681.0; 32.568; 19.22; -0.02189; 0.41747; -4.99721; 0.08386
684.0; 32.740; 18.56; -0.02196; 0.46882; -4.75033; 0.11236
687.0; 32.919; 17.98; -0.02426; 0.51233; -4.40439; 0.14486
690.0; 33.106; 17.43; -0.02816; 0.54235; -3.96008; 0.17450
693.0; 33.302; 16.89; -0.03261; 0.56252; -3.43922; 0.19496
696.0; 33.507; 16.34; -0.03685; 0.57849; -2.88256; 0.20164
699.0; 33.717; 15.78; -0.04058; 0.59485; -2.34281; 0.19386
702.0; 33.933; 15.21; -0.04406; 0.61477; -1.86388; 0.17773
705.0; 34.153; 14.64; -0.04814; 0.64083; -1.45993; 0.16171
708.0; 34.377; 14.07; -0.05476; 0.67748; -1.12413; 0.15007
711.0; 34.607; 13.57; -0.06625; 0.72194; -0.85049; 0.14293
714.0; 34.837; 13.63; -0.07438; 0.68305; -0.63919; 0.13211
717.0; 35.064; 13.68; -0.07490; 0.64416; -0.48170; 0.12312
720.0; 35.287; 13.72; -0.06454; 0.54971; -0.31378; 0.13418
723.0; 35.504; 14.24; -0.01807; 0.17586; -0.03539; 0.13530
726.0; 35.707; 15.42; -0.00223; -0.03047; 0.30179; 0.10594
729.0; 35.897; 16.24; -0.00804; -0.27197; 0.54998; 0.07517
732.0; 36.089; 15.47; -0.00686; -0.53025; 0.69220; 0.03616
735.0; 36.290; 14.89; -0.00025; -0.62802; 0.73358; 0.00201
738.0; 36.502; 14.38; 0.00689; -0.66021; 0.72575; -0.00907
741.0; 36.722; 13.88; 0.01148; -0.66949; 0.74359; 0.00520
744.0; 36.951; 13.63; 0.00817; -0.64487; 0.84107; 0.03836
747.0; 37.184; 13.67; -0.00400; -0.59289; 1.04065; 0.08280
750.0; 37.417; 13.96; -0.01355; -0.58681; 1.34123; 0.12007
753.0; 37.647; 14.23; -0.01315; -0.61104; 1.70947; 0.13014
756.0; 37.874; 14.47; -0.00945; -0.61305; 2.07797; 0.11607
759.0; 38.098; 14.69; -0.00658; -0.59753; 2.38905; 0.08951
762.0; 38.317; 14.95; -0.00525; -0.57121; 2.61296; 0.05941
765.0; 38.532; 15.26; -0.00489; -0.53485; 2.74305; 0.03061
768.0; 38.740; 15.66; -0.00475; -0.49008; 2.78485; 0.00442
771.0; 38.940; 16.14; -0.00425; -0.44118; 2.74780; -0.01945
774.0; 39.133; 16.68; -0.00331; -0.39166; 2.64127; -0.04148
777.0; 39.317; 17.27; -0.00216; -0.34371; 2.47351; -0.06126
780.0; 39.493; 17.90; -0.00100; -0.29887; 2.25480; -0.07696
783.0; 39.662; 18.56; 0.00001; -0.25824; 2.00043; -0.08698
786.0; 39.825; 19.24; 0.00084; -0.22241; 1.72774; -0.09144
789.0; 39.981; 19.93; 0.00146; -0.19146; 1.45153; -0.09151
792.0; 40.132; 20.62; 0.00191; -0.16513; 1.18274; -0.08839
795.0; 40.277; 21.30; 0.00222; -0.14291; 0.92889; -0.08308
798.0; 40.417; 21.98; 0.00241; -0.12421; 0.69483; -0.07637
801.0; 40.552; 22.66; 0.00252; -0.10847; 0.48328; -0.06889
804.0; 40.683; 23.32; 0.00256; -0.09516; 0.29540; -0.06112
807.0; 40.810; 23.97; 0.00255; -0.08384; 0.13125; -0.05333
810.0; 40.934; 24.62; 0.00252; -0.07415; -0.00941; -0.04551
813.0; 41.054; 25.25; 0.00246; -0.06580; -0.12638; -0.03749
816.0; 41.172; 25.87; 0.00238; -0.05856; -0.21909; -0.02924
819.0; 41.286; 26.48; 0.00229; -0.05224; -0.28714; -0.02090
822.0; 41.398; 27.09; 0.00219; -0.04669; -0.33053; -0.01261
825.0; 41.507; 27.68; 0.00208; -0.04180; -0.34962; -0.00449
828.0; 41.614; 28.26; 0.00198; -0.03747; -0.34511; 0.00335
831.0; 41.719; 28.83; 0.00187; -0.03361; -0.31792; 0.01085
834.0; 41.822; 29.39; 0.00176; -0.03017; -0.26918; 0.01793
837.0; 41.923; 29.95; 0.00166; -0.02709; -0.20023; 0.02454
840.0; 42.023; 30.49; 0.00155; -0.02433; -0.11252; 0.03063
843.0; 42.120; 31.03; 0.00145; -0.02186; -0.00763; 0.03616
846.0; 42.216; 31.56; 0.00136; -0.01964; 0.11272; 0.04110
849.0; 42.311; 32.09; 0.00126; -0.01764; 0.24674; 0.04542
852.0; 42.404; 32.60; 0.00117; -0.01585; 0.39257; 0.04911
855.0; 42.495; 33.11; 0.00109; -0.01425; 0.54823; 0.05212
858.0; 42.585; 33.61; 0.00101; -0.01283; 0.71172; 0.05446
861.0; 42.674; 34.10; 0.00093; -0.01157; 0.88096; 0.05610
864.0; 42.762; 34.59; 0.00087; -0.01048; 1.05382; 0.05702
867.0; 42.848; 35.07; 0.00080; -0.00953; 1.22813; 0.05722
870.0; 42.933; 35.54; 0.00075; -0.00874; 1.40185; 0.05681
873.0; 43.017; 36.01; 0.00070; -0.00810; 1.57352; 0.05604
876.0; 43.100; 36.47; 0.00066; -0.00760; 1.74252; 0.05516
879.0; 43.182; 36.93; 0.00063; -0.00726; 1.90875; 0.05428
882.0; 43.263; 37.37; 0.00060; -0.00709; 2.07224; 0.05340
885.0; 43.342; 37.82; 0.00059; -0.00710; 2.23300; 0.05250
888.0; 43.421; 38.25; 0.00059; -0.00733; 2.39100; 0.05158
891.0; 43.499; 38.68; 0.00061; -0.00782; 2.54616; 0.05060
894.0; 43.577; 39.11; 0.00064; -0.00868; 2.69833; 0.04954
897.0; 43.653; 39.53; 0.00070; -0.01009; 2.84731; 0.04838
900.0; 43.729; 39.94; 0.00081; -0.01234; 2.99279; 0.04705
903.0; 43.803; 40.35; 0.00097; -0.01586; 3.13432; 0.04549
906.0; 43.877; 40.74; 0.00121; -0.02114; 3.27124; 0.04357
909.0; 43.951; 41.13; 0.00159; -0.02870; 3.40259; 0.04116
912.0; 44.023; 41.51; 0.00214; -0.03878; 3.52711; 0.03808
915.0; 44.095; 41.87; 0.00289; -0.05106; 3.64313; 0.03419
918.0; 44.167; 42.22; 0.00385; -0.06433; 3.74866; 0.02938
921.0; 44.237; 42.56; 0.00496; -0.07613; 3.84156; 0.02369
924.0; 44.308; 42.88; 0.00610; -0.08293; 3.91984; 0.01739
927.0; 44.377; 43.19; 0.00702; -0.08132; 3.98207; 0.01095
930.0; 44.446; 43.37; 0.00760; -0.07308; 4.02778; 0.00490
933.0; 44.516; 43.30; 0.00782; -0.05988; 4.05777; -0.00031
936.0; 44.585; 42.93; 0.00763; -0.04206; 4.07403; -0.00425
939.0; 44.656; 42.24; 0.00694; -0.02171; 4.07946; -0.00662
942.0; 44.727; 41.32; 0.00567; -0.00210; 4.07731; -0.00729
945.0; 44.801; 40.29; 0.00387; 0.01409; 4.07085; -0.00637
948.0; 44.877; 39.23; 0.00189; 0.02005; 4.06308; -0.00434
951.0; 44.954; 38.16; 0.00034; 0.01277; 4.05652; -0.00207
954.0; 45.034; 37.08; -0.00030; 0.00156; 4.05303; -0.00017
957.0; 45.116; 35.98; -0.00024; -0.00227; 4.05413; 0.00149
960.0; 45.201; 34.86; -0.00004; -0.00137; 4.06101; 0.00339
963.0; 45.289; 33.73; 0.00005; -0.00203; 4.07447; 0.00559
966.0; 45.380; 32.59; 0.00027; -0.01573; 4.09439; 0.00736
969.0; 45.474; 31.45; 0.00118; -0.04047; 4.11907; 0.00752
972.0; 45.572; 30.33; 0.00295; -0.07222; 4.14458; 0.00509
975.0; 45.673; 29.25; 0.00539; -0.10824; 4.16423; -0.00071
978.0; 45.778; 28.22; 0.00823; -0.14753; 4.16842; -0.01054
981.0; 45.887; 27.25; 0.01127; -0.18992; 4.14487; -0.02504
984.0; 45.999; 26.36; 0.01446; -0.23443; 4.07905; -0.04481
987.0; 46.116; 25.55; 0.01784; -0.27818; 3.95499; -0.07018
990.0; 46.236; 24.81; 0.02143; -0.31708; 3.75632; -0.10100
993.0; 46.360; 24.14; 0.02514; -0.34806; 3.46835; -0.13551
996.0; 46.489; 23.50; 0.02875; -0.37056; 3.08384; -0.16903
999.0; 46.623; 22.88; 0.03198; -0.38654; 2.61129; -0.19567
1002.0; 46.762; 22.28; 0.03460; -0.40022; 2.07649; -0.21169
1005.0; 46.905; 21.71; 0.03665; -0.41587; 1.51537; -0.21606
1008.0; 47.051; 21.16; 0.03852; -0.43190; 0.96650; -0.20951
1011.0; 47.199; 20.63; 0.04038; -0.44742; 0.46276; -0.19502
1014.0; 47.349; 20.12; 0.04228; -0.46198; 0.02233; -0.17684
1017.0; 47.500; 19.64; 0.04405; -0.48077; -0.35025; -0.15750
1020.0; 47.653; 19.21; 0.04630; -0.50236; -0.65330; -0.13684
1023.0; 47.807; 18.81; 0.04970; -0.52411; -0.88083; -0.11383
1026.0; 47.963; 18.42; 0.05479; -0.54634; -1.02419; -0.08909
1029.0; 48.121; 18.05; 0.06172; -0.56663; -1.07872; -0.06533
1032.0; 48.281; 17.82; 0.06908; -0.57124; -1.04673; -0.04336
1035.0; 48.444; 17.79; 0.07329; -0.53885; -0.93057; -0.01821
1038.0; 48.607; 17.75; 0.07221; -0.50751; -0.72473; 0.01482
1041.0; 48.773; 17.70; 0.06532; -0.47393; -0.41968; 0.05501
1044.0; 48.943; 17.64; 0.05143; -0.43469; -0.01473; 0.09735
1047.0; 49.116; 17.69; 0.02982; -0.38749; 0.46803; 0.13598
1050.0; 49.291; 17.96; 0.00996; -0.38957; 0.99654; 0.16474
1053.0; 49.465; 18.25; 0.00463; -0.45097; 1.55053; 0.17248
1056.0; 49.638; 18.48; 0.00776; -0.48434; 2.09935; 0.16070
1059.0; 49.810; 18.67; 0.01187; -0.48319; 2.60746; 0.13879
1062.0; 49.979; 18.86; 0.01399; -0.46330; 3.05048; 0.11349
1065.0; 50.147; 19.07; 0.01375; -0.43515; 3.41472; 0.08779
1068.0; 50.312; 19.34; 0.01206; -0.40510; 3.69363; 0.06243
1071.0; 50.473; 19.66; 0.01017; -0.37644; 3.88578; 0.03725
1074.0; 50.631; 20.04; 0.00877; -0.34943; 3.99255; 0.01185
1077.0; 50.784; 20.45; 0.00790; -0.32329; 4.01556; -0.01407
1080.0; 50.933; 20.89; 0.00737; -0.29792; 3.95546; -0.04075
1083.0; 51.077; 21.36; 0.00702; -0.27385; 3.81149; -0.06848
1086.0; 51.218; 21.84; 0.00678; -0.25158; 3.58167; -0.09723
1089.0; 51.355; 22.34; 0.00661; -0.23137; 3.26486; -0.12549
1092.0; 51.490; 22.85; 0.00647; -0.21329; 2.86554; -0.15040
1095.0; 51.622; 23.37; 0.00638; -0.19746; 2.39657; -0.16976
1098.0; 51.752; 23.90; 0.00631; -0.18400; 1.87603; -0.18304
1101.0; 51.879; 24.43; 0.00628; -0.17304; 1.32302; -0.19048
1104.0; 52.004; 24.95; 0.00629; -0.16468; 0.75623; -0.19237
1107.0; 52.125; 25.47; 0.00637; -0.15908; 0.19359; -0.18899
1110.0; 52.243; 25.98; 0.00652; -0.15648; -0.34810; -0.18065
1113.0; 52.359; 26.46; 0.00677; -0.15725; -0.85346; -0.16771
1116.0; 52.471; 26.93; 0.00717; -0.16189; -1.30900; -0.15072
1119.0; 52.580; 27.37; 0.00775; -0.17100; -1.70447; -0.13095
1122.0; 52.687; 27.78; 0.00859; -0.18504; -2.03560; -0.11071
1125.0; 52.792; 28.16; 0.00976; -0.20389; -2.30513; -0.09225
1128.0; 52.895; 28.50; 0.01134; -0.22591; -2.52005; -0.07669
1131.0; 52.996; 28.79; 0.01331; -0.24736; -2.68852; -0.06419
1134.0; 53.097; 29.05; 0.01554; -0.26287; -2.81827; -0.05436
1137.0; 53.196; 29.29; 0.01763; -0.26674; -2.91565; -0.04622
1140.0; 53.295; 29.52; 0.01900; -0.25341; -2.98477; -0.03827
1143.0; 53.393; 29.77; 0.01891; -0.21656; -3.02638; -0.02838
1146.0; 53.490; 29.99; 0.01699; -0.15626; -3.03636; -0.01429
1149.0; 53.587; 29.85; 0.01408; -0.08417; -3.00494; 0.00473
1152.0; 53.686; 29.20; 0.01001; 0.01164; -2.92106; 0.02798
1155.0; 53.789; 28.13; 0.00362; 0.12199; -2.77828; 0.05454
1158.0; 53.897; 27.12; -0.00458; 0.21263; -2.57443; 0.08289
1161.0; 54.010; 26.26; -0.01231; 0.27580; -2.30795; 0.11072
1164.0; 54.127; 25.50; -0.01892; 0.31827; -1.98042; 0.13580
1167.0; 54.249; 24.81; -0.02446; 0.34561; -1.59974; 0.15620
1170.0; 54.374; 24.17; -0.02897; 0.36261; -1.18019; 0.17031
1173.0; 54.503; 23.55; -0.03243; 0.37428; -0.74092; 0.17705
1176.0; 54.635; 22.97; -0.03493; 0.38707; -0.30350; 0.17617
1179.0; 54.768; 22.41; -0.03690; 0.40166; 0.11073; 0.16848
1182.0; 54.904; 21.87; -0.03869; 0.41479; 0.48443; 0.15601
1185.0; 55.041; 21.36; -0.04029; 0.42809; 0.80844; 0.14129
1188.0; 55.181; 20.86; -0.04181; 0.44109; 1.07994; 0.12549
1191.0; 55.322; 20.37; -0.04331; 0.45354; 1.29647; 0.10804
1194.0; 55.465; 19.89; -0.04477; 0.46727; 1.45328; 0.08823
1197.0; 55.611; 19.45; -0.04618; 0.48550; 1.54584; 0.06707
1200.0; 55.759; 19.04; -0.04818; 0.50647; 1.57445; 0.04766
1203.0; 55.911; 18.67; -0.05110; 0.52469; 1.54647; 0.03262
1206.0; 56.065; 18.40; -0.05381; 0.52791; 1.47283; 0.02126
1209.0; 56.222; 18.15; -0.05571; 0.52859; 1.36242; 0.01168
1212.0; 56.382; 17.87; -0.05728; 0.53474; 1.22176; 0.00424
1215.0; 56.546; 17.57; -0.05899; 0.54361; 1.05953; 0.00091
1218.0; 56.713; 17.31; -0.06039; 0.54751; 0.88937; 0.00266
1221.0; 56.884; 17.07; -0.06087; 0.54788; 0.72714; 0.00874
1224.0; 57.058; 16.83; -0.06024; 0.54838; 0.58730; 0.01810
1227.0; 57.235; 16.58; -0.05828; 0.54788; 0.48204; 0.02975
1230.0; 57.415; 16.34; -0.05449; 0.54486; 0.42130; 0.04242
1233.0; 57.597; 16.12; -0.04759; 0.53248; 0.41252; 0.05396
1236.0; 57.781; 16.10; -0.03335; 0.48109; 0.45933; 0.05812
1239.0; 57.964; 16.25; -0.01264; 0.43923; 0.55301; 0.04929
1242.0; 58.144; 16.52; -0.00045; 0.47372; 0.66238; 0.03610
1245.0; 58.320; 16.75; -0.00027; 0.52608; 0.75809; 0.02988
1248.0; 58.494; 16.91; -0.00465; 0.54849; 0.83862; 0.03075
1251.0; 58.666; 17.03; -0.00901; 0.54810; 0.91435; 0.03532
1254.0; 58.837; 17.13; -0.01168; 0.53728; 0.99464; 0.04069
1257.0; 59.006; 17.23; -0.01250; 0.52458; 1.08428; 0.04506
1260.0; 59.174; 17.35; -0.01218; 0.51515; 1.18344; 0.04766
1263.0; 59.341; 17.47; -0.01168; 0.51066; 1.28828; 0.04820
1266.0; 59.505; 17.59; -0.01160; 0.50963; 1.39194; 0.04639
1269.0; 59.668; 17.71; -0.01204; 0.50945; 1.48538; 0.04163
1272.0; 59.829; 17.83; -0.01280; 0.50824; 1.55806; 0.03334
1275.0; 59.989; 17.94; -0.01360; 0.50524; 1.60054; 0.02267
1278.0; 60.148; 18.06; -0.01423; 0.49983; 1.61152; 0.01364
1281.0; 60.306; 18.19; -0.01451; 0.48979; 1.60260; 0.01021
1284.0; 60.464; 18.34; -0.01409; 0.46866; 1.59262; 0.01270
1287.0; 60.621; 18.57; -0.01230; 0.42357; 1.59707; 0.01760
1290.0; 60.776; 18.94; -0.00876; 0.34137; 1.61936; 0.01916
1293.0; 60.928; 19.50; -0.00511; 0.22710; 1.64577; 0.01316
1296.0; 61.076; 20.24; -0.00325; 0.09470; 1.65049; -0.00050
1299.0; 61.220; 21.06; -0.00242; -0.05060; 1.60857; -0.02050
1302.0; 61.360; 21.67; -0.00087; -0.22144; 1.49926; -0.04778
1305.0; 61.498; 22.08; 0.00389; -0.35505; 1.30931; -0.07999
1308.0; 61.637; 21.92; 0.01325; -0.46473; 1.03878; -0.11465
1311.0; 61.777; 21.58; 0.02616; -0.52041; 0.69754; -0.14797
1314.0; 61.919; 21.40; 0.03825; -0.52324; 0.30491; -0.17295
1317.0; 62.061; 21.31; 0.04694; -0.49830; -0.10779; -0.18294
1320.0; 62.202; 21.13; 0.05283; -0.49078; -0.50070; -0.17732
1323.0; 62.343; 20.92; 0.05745; -0.48807; -0.83994; -0.16154
1326.0; 62.484; 20.71; 0.06116; -0.48610; -1.11126; -0.14300
1329.0; 62.625; 20.49; 0.06416; -0.48540; -1.32027; -0.12716
1332.0; 62.767; 20.27; 0.06662; -0.48611; -1.48102; -0.11564
1335.0; 62.909; 20.21; 0.06607; -0.45486; -1.60787; -0.10561
1338.0; 63.052; 20.15; 0.06075; -0.42290; -1.71176; -0.09389
1341.0; 63.195; 20.10; 0.05049; -0.38897; -1.80102; -0.07984
1344.0; 63.337; 20.13; 0.03591; -0.35668; -1.88188; -0.06287
1347.0; 63.480; 20.28; 0.02147; -0.35271; -1.95447; -0.04451
1350.0; 63.620; 20.47; 0.01399; -0.39307; -2.01127; -0.03018
1353.0; 63.760; 20.65; 0.01399; -0.43848; -2.04716; -0.02300
1356.0; 63.898; 20.77; 0.01773; -0.46309; -2.06426; -0.02092
1359.0; 64.036; 20.86; 0.02215; -0.46840; -2.06642; -0.02061
1362.0; 64.173; 20.92; 0.02562; -0.46207; -2.05557; -0.01957
1365.0; 64.310; 20.97; 0.02749; -0.45003; -2.03105; -0.01630
1368.0; 64.446; 21.04; 0.02771; -0.43603; -1.99052; -0.01055
1371.0; 64.583; 21.11; 0.02658; -0.42226; -1.93248; -0.00348
1374.0; 64.719; 21.22; 0.02465; -0.40976; -1.85854; 0.00328
1377.0; 64.855; 21.35; 0.02250; -0.39836; -1.77245; 0.00883
1380.0; 64.990; 21.51; 0.02049; -0.38688; -1.67800; 0.01302
1383.0; 65.125; 21.70; 0.01877; -0.37390; -1.57809; 0.01611
1386.0; 65.259; 21.92; 0.01725; -0.35865; -1.47455; 0.01857
1389.0; 65.392; 22.17; 0.01585; -0.34130; -1.36790; 0.02098
1392.0; 65.524; 22.46; 0.01454; -0.32253; -1.25725; 0.02386
1395.0; 65.654; 22.77; 0.01335; -0.30308; -1.14030; 0.02762
1398.0; 65.783; 23.12; 0.01229; -0.28352; -1.01364; 0.03248
1401.0; 65.911; 23.49; 0.01138; -0.26419; -0.87369; 0.03825
1404.0; 66.036; 23.88; 0.01060; -0.24534; -0.71795; 0.04442
1407.0; 66.160; 24.30; 0.00993; -0.22720; -0.54557; 0.05049
1410.0; 66.282; 24.74; 0.00934; -0.20996; -0.35700; 0.05615
1413.0; 66.402; 25.19; 0.00883; -0.19374; -0.15354; 0.06117
1416.0; 66.520; 25.65; 0.00837; -0.17863; 0.06278; 0.06537
1419.0; 66.637; 26.12; 0.00795; -0.16468; 0.28933; 0.06856
1422.0; 66.751; 26.60; 0.00757; -0.15187; 0.52292; 0.07061
1425.0; 66.864; 27.08; 0.00721; -0.14017; 0.75991; 0.07138
1428.0; 66.974; 27.57; 0.00689; -0.12954; 0.99632; 0.07086
1431.0; 67.083; 28.06; 0.00659; -0.11992; 1.22863; 0.06938
1434.0; 67.190; 28.55; 0.00630; -0.11122; 1.45499; 0.06760
1437.0; 67.295; 29.04; 0.00604; -0.10337; 1.67543; 0.06601
1440.0; 67.398; 29.53; 0.00580; -0.09633; 1.89073; 0.06468
1443.0; 67.500; 30.01; 0.00557; -0.09005; 2.10157; 0.06349
1446.0; 67.599; 30.49; 0.00537; -0.08452; 2.30829; 0.06237
1449.0; 67.698; 30.97; 0.00518; -0.07973; 2.51092; 0.06119
1452.0; 67.795; 31.45; 0.00502; -0.07574; 2.70924; 0.05987
1455.0; 67.890; 31.92; 0.00489; -0.07266; 2.90272; 0.05831
1458.0; 67.984; 32.38; 0.00480; -0.07066; 3.09056; 0.05640
1461.0; 68.077; 32.84; 0.00477; -0.06997; 3.27165; 0.05401
1464.0; 68.168; 33.29; 0.00480; -0.07085; 3.44453; 0.05101
1467.0; 68.258; 33.73; 0.00493; -0.07340; 3.60736; 0.04725
1470.0; 68.346; 34.16; 0.00516; -0.07732; 3.75795; 0.04260
1473.0; 68.434; 34.58; 0.00550; -0.08151; 3.89385; 0.03699
1476.0; 68.520; 34.98; 0.00588; -0.08377; 4.01256; 0.03053
1479.0; 68.606; 35.38; 0.00617; -0.08088; 4.11193; 0.02353
1482.0; 68.690; 35.76; 0.00622; -0.07052; 4.19069; 0.01653
1485.0; 68.774; 35.84; 0.00612; -0.05728; 4.24890; 0.00990
1488.0; 68.858; 35.49; 0.00585; -0.04005; 4.28757; 0.00389
1491.0; 68.943; 34.70; 0.00521; -0.02017; 4.30829; -0.00112
1494.0; 69.030; 33.60; 0.00401; -0.00096; 4.31345; -0.00450
1497.0; 69.121; 32.46; 0.00230; 0.01327; 4.30696; -0.00581
1500.0; 69.215; 31.29; 0.00067; 0.01227; 4.29379; -0.00558
1503.0; 69.313; 30.09; -0.00013; 0.00180; 4.27858; -0.00480
1506.0; 69.415; 28.86; -0.00013; -0.00115; 4.26546; -0.00347
1509.0; 69.521; 27.59; -0.00000; -0.00211; 4.25796; -0.00121
1512.0; 69.633; 26.31; 0.00029; -0.02366; 4.25725; 0.00061
1515.0; 69.751; 25.04; 0.00153; -0.06848; 4.25975; -0.00081
1518.0; 69.875; 23.83; 0.00387; -0.13373; 4.25414; -0.00864
1521.0; 70.005; 22.73; 0.00693; -0.21162; 4.21975; -0.02540
1524.0; 70.142; 21.76; 0.01039; -0.29095; 4.13010; -0.05106
1527.0; 70.286; 20.93; 0.01418; -0.36204; 3.96244; -0.08216
1530.0; 70.437; 20.21; 0.01839; -0.41873; 3.70602; -0.11415
1533.0; 70.596; 19.57; 0.02292; -0.46060; 3.36236; -0.14392
1536.0; 70.762; 19.00; 0.02752; -0.49175; 2.94122; -0.16984
1539.0; 70.933; 18.47; 0.03206; -0.51705; 2.45718; -0.19127
1542.0; 71.110; 17.98; 0.03666; -0.53934; 1.92754; -0.20765
1545.0; 71.290; 17.52; 0.04169; -0.55972; 1.37460; -0.21677
1548.0; 71.473; 17.07; 0.04768; -0.58009; 0.83265; -0.21432
1551.0; 71.657; 16.62; 0.05553; -0.60483; 0.35150; -0.19602
1554.0; 71.842; 16.30; 0.06440; -0.61795; -0.01307; -0.16095
1557.0; 72.026; 16.24; 0.07033; -0.59123; -0.22322; -0.11406
1560.0; 72.208; 16.21; 0.07032; -0.55677; -0.27872; -0.06604
1563.0; 72.391; 16.17; 0.06342; -0.52061; -0.21087; -0.02444
1566.0; 72.576; 16.12; 0.04832; -0.47790; -0.05968; 0.01204
1569.0; 72.763; 16.19; 0.02386; -0.42042; 0.14210; 0.04940
1572.0; 72.949; 16.53; 0.00269; -0.41321; 0.38547; 0.08574
1575.0; 73.132; 16.91; -0.00162; -0.45224; 0.68064; 0.10421
1578.0; 73.312; 17.29; 0.00049; -0.44343; 1.00267; 0.10300
1581.0; 73.488; 17.73; 0.00188; -0.39163; 1.30791; 0.09021
1584.0; 73.659; 18.27; 0.00185; -0.31921; 1.56660; 0.07290
1587.0; 73.823; 18.91; 0.00164; -0.24258; 1.77055; 0.05644
1590.0; 73.981; 19.62; 0.00168; -0.16864; 1.93089; 0.04570
1593.0; 74.133; 20.39; 0.00171; -0.10133; 2.07053; 0.04315
1596.0; 74.278; 21.19; 0.00149; -0.04544; 2.21294; 0.04768
1599.0; 74.419; 22.00; 0.00097; -0.00776; 2.37423; 0.05629
1602.0; 74.554; 22.79; 0.00033; 0.00422; 2.56009; 0.06498
1605.0; 74.684; 23.54; -0.00002; 0.00029; 2.76555; 0.07026
1608.0; 74.810; 24.28; -0.00001; -0.00014; 2.97896; 0.07094
1611.0; 74.932; 24.98; 0.00000; -0.00002; 3.18645; 0.06696
1614.0; 75.049; 25.66; 0.00000; 0.00001; 3.37408; 0.05839
1617.0; 75.163; 26.32; 0.00000; 0.00000; 3.52937; 0.04601
1620.0; 75.274; 26.96; -0.00000; -0.00000; 3.64407; 0.03161
1623.0; 75.382; 27.58; -0.00000; 0.00000; 3.71558; 0.01701
1626.0; 75.488; 28.19; -0.00002; 0.00906; 3.74574; 0.00361
1629.0; 75.591; 28.77; -0.00035; 0.02778; 3.73911; -0.00753
1632.0; 75.693; 29.32; -0.00111; 0.04445; 3.70159; -0.01617
1635.0; 75.793; 29.86; -0.00195; 0.05133; 3.63871; -0.02306
1638.0; 75.891; 30.38; -0.00252; 0.04891; 3.55454; -0.02913
1641.0; 75.988; 30.89; -0.00269; 0.04257; 3.45155; -0.03499
1644.0; 76.084; 31.40; -0.00258; 0.03568; 3.33109; -0.04078
1647.0; 76.178; 31.91; -0.00232; 0.02941; 3.19395; -0.04647
1650.0; 76.270; 32.41; -0.00203; 0.02384; 3.04078; -0.05198
1653.0; 76.362; 32.91; -0.00173; 0.01877; 2.87224; -0.05722
1656.0; 76.452; 33.41; -0.00143; 0.01398; 2.68915; -0.06217
1659.0; 76.541; 33.90; -0.00114; 0.00941; 2.49242; -0.06678
1662.0; 76.628; 34.40; -0.00085; 0.00520; 2.28308; -0.07101
1665.0; 76.715; 34.88; -0.00057; 0.00167; 2.06231; -0.07482
1668.0; 76.800; 35.36; -0.00031; -0.00067; 1.83148; -0.07811
1671.0; 76.885; 35.84; -0.00012; -0.00148; 1.59221; -0.08076
1674.0; 76.968; 36.31; -0.00000; -0.00065; 1.34643; -0.08264
1677.0; 77.050; 36.77; 0.00002; 0.00007; 1.09628; -0.08372
1680.0; 77.132; 37.23; 0.00001; 0.00015; 0.84374; -0.08422
1683.0; 77.212; 37.68; -0.00000; 0.00004; 0.59017; -0.08442
1686.0; 77.292; 38.13; -0.00000; -0.00002; 0.33609; -0.08455
1689.0; 77.370; 38.57; -0.00000; -0.00001; 0.08164; -0.08468
1692.0; 77.448; 39.00; 0.00000; -0.00000; -0.17318; -0.08479
1695.0; 77.525; 39.43; 0.00000; 0.00000; -0.42833; -0.08490
1698.0; 77.600; 39.86; -0.00000; 0.00000; -0.68380; -0.08500
1701.0; 77.676; 40.27; -0.00003; 0.00498; -0.93930; -0.08488
1704.0; 77.750; 40.68; -0.00034; 0.02108; -1.19372; -0.08392
1707.0; 77.824; 41.07; -0.00114; 0.03309; -1.44541; -0.08194
1710.0; 77.897; 41.45; -0.00204; 0.03976; -1.69273; -0.07931
1713.0; 77.969; 41.82; -0.00282; 0.04487; -1.93404; -0.07628
1716.0; 78.041; 42.18; -0.00349; 0.05021; -2.16786; -0.07290
1719.0; 78.112; 42.52; -0.00412; 0.05562; -2.39287; -0.06916
1722.0; 78.182; 42.86; -0.00472; 0.06064; -2.60793; -0.06508
1725.0; 78.252; 43.19; -0.00530; 0.06520; -2.81200; -0.06070
1728.0; 78.321; 43.51; -0.00585; 0.06940; -3.00414; -0.05603
1731.0; 78.390; 43.83; -0.00637; 0.07333; -3.18348; -0.05112
1734.0; 78.458; 44.13; -0.00688; 0.07702; -3.34923; -0.04598
1737.0; 78.526; 44.43; -0.00736; 0.08049; -3.50067; -0.04063
1740.0; 78.594; 44.72; -0.00783; 0.08375; -3.63714; -0.03508
1743.0; 78.661; 45.00; -0.00827; 0.08681; -3.75802; -0.02935
1746.0; 78.727; 45.27; -0.00871; 0.08971; -3.86277; -0.02346
1749.0; 78.793; 45.54; -0.00912; 0.09196; -3.95090; -0.01744
1752.0; 78.859; 45.81; -0.00947; 0.08947; -4.02218; -0.01147
1755.0; 78.924; 46.06; -0.00957; 0.08226; -4.07677; -0.00588
1758.0; 78.989; 46.32; -0.00933; 0.07211; -4.11525; -0.00089
1761.0; 79.054; 46.56; -0.00877; 0.06118; -4.13862; 0.00338
1764.0; 79.118; 46.80; -0.00798; 0.05121; -4.14815; 0.00695
1767.0; 79.182; 47.04; -0.00709; 0.04320; -4.14531; 0.00994
1770.0; 79.246; 47.27; -0.00622; 0.03735; -4.13155; 0.01248
1773.0; 79.309; 47.50; -0.00545; 0.03331; -4.10819; 0.01470
1776.0; 79.372; 47.73; -0.00481; 0.03054; -4.07642; 0.01670
1779.0; 79.435; 47.95; -0.00430; 0.02856; -4.03718; 0.01854
1782.0; 79.497; 48.16; -0.00391; 0.02700; -3.99124; 0.02027
1785.0; 79.559; 48.37; -0.00360; 0.02562; -3.93923; 0.02189
1788.0; 79.621; 48.58; -0.00335; 0.02430; -3.88164; 0.02343
1791.0; 79.683; 48.78; -0.00314; 0.02298; -3.81889; 0.02488
1794.0; 79.744; 48.98; -0.00296; 0.02166; -3.75133; 0.02624
1797.0; 79.805; 49.18; -0.00279; 0.02036; -3.67929; 0.02751
1800.0; 79.866; 49.37; -0.00263; 0.01908; -3.60307; 0.02870
1803.0; 79.927; 49.56; -0.00248; 0.01785; -3.52293; 0.02981
1806.0; 79.987; 49.75; -0.00234; 0.01669; -3.43913; 0.03084
1809.0; 80.047; 49.93; -0.00220; 0.01560; -3.35193; 0.03180
1812.0; 80.107; 50.11; -0.00207; 0.01458; -3.26153; 0.03270
1815.0; 80.167; 50.28; -0.00194; 0.01363; -3.16817; 0.03353
1818.0; 80.227; 50.46; -0.00183; 0.01275; -3.07205; 0.03430
1821.0; 80.286; 50.62; -0.00172; 0.01193; -2.97334; 0.03502
1824.0; 80.345; 50.79; -0.00161; 0.01116; -2.87223; 0.03569
1827.0; 80.404; 50.96; -0.00152; 0.01045; -2.76888; 0.03631
1830.0; 80.463; 51.12; -0.00142; 0.00978; -2.66344; 0.03689
1833.0; 80.522; 51.27; -0.00134; 0.00915; -2.55606; 0.03743
1836.0; 80.580; 51.43; -0.00126; 0.00857; -2.44687; 0.03793
1839.0; 80.639; 51.58; -0.00118; 0.00802; -2.33599; 0.03839
1842.0; 80.697; 51.73; -0.00111; 0.00750; -2.22355; 0.03882
1845.0; 80.755; 51.88; -0.00104; 0.00702; -2.10964; 0.03923
1848.0; 80.813; 52.03; -0.00098; 0.00656; -1.99438; 0.03960
1851.0; 80.870; 52.17; -0.00092; 0.00613; -1.87785; 0.03994
1854.0; 80.928; 52.31; -0.00086; 0.00573; -1.76016; 0.04026
1857.0; 80.985; 52.45; -0.00081; 0.00535; -1.64137; 0.04056
1860.0; 81.042; 52.59; -0.00076; 0.00499; -1.52158; 0.04083
1863.0; 81.099; 52.72; -0.00071; 0.00465; -1.40085; 0.04108
1866.0; 81.156; 52.85; -0.00067; 0.00433; -1.27926; 0.04131
1869.0; 81.213; 52.98; -0.00062; 0.00403; -1.15687; 0.04152
1872.0; 81.269; 53.11; -0.00058; 0.00374; -1.03374; 0.04172
1875.0; 81.326; 53.24; -0.00055; 0.00347; -0.90994; 0.04189
1878.0; 81.382; 53.36; -0.00051; 0.00320; -0.78552; 0.04206
1881.0; 81.438; 53.48; -0.00047; 0.00295; -0.66054; 0.04220
1884.0; 81.494; 53.60; -0.00044; 0.00270; -0.53504; 0.04233
1887.0; 81.550; 53.72; -0.00041; 0.00246; -0.40907; 0.04244
1890.0; 81.606; 53.84; -0.00038; 0.00222; -0.28268; 0.04254
1893.0; 81.662; 53.95; -0.00035; 0.00199; -0.15593; 0.04263
1896.0; 81.718; 54.07; -0.00031; 0.00175; -0.02884; 0.04270
1899.0; 81.773; 54.18; -0.00028; 0.00150; 0.09853; 0.04276
1902.0; 81.828; 54.29; -0.00025; 0.00124; 0.22614; 0.04280
1905.0; 81.884; 54.40; -0.00022; 0.00097; 0.35395; 0.04283
1908.0; 81.939; 54.50; -0.00019; 0.00069; 0.48190; 0.04284
1911.0; 81.994; 54.61; -0.00016; 0.00039; 0.60996; 0.04283
1914.0; 82.049; 54.71; -0.00012; 0.00007; 0.73807; 0.04281
1917.0; 82.104; 54.82; -0.00009; -0.00026; 0.86619; 0.04276
1920.0; 82.158; 54.92; -0.00005; -0.00061; 0.99426; 0.04270
1923.0; 82.213; 55.02; -0.00001; -0.00098; 1.12223; 0.04262
1926.0; 82.267; 55.11; 0.00003; -0.00137; 1.25005; 0.04251
1929.0; 82.322; 55.21; 0.00008; -0.00179; 1.37764; 0.04238
1932.0; 82.376; 55.30; 0.00013; -0.00225; 1.50496; 0.04223
1935.0; 82.430; 55.40; 0.00018; -0.00276; 1.63193; 0.04205
1938.0; 82.485; 55.49; 0.00024; -0.00337; 1.75848; 0.04184
1941.0; 82.539; 55.58; 0.00030; -0.00409; 1.88452; 0.04160
1944.0; 82.593; 55.67; 0.00038; -0.00498; 2.00996; 0.04130
1947.0; 82.647; 55.76; 0.00046; -0.00610; 2.13468; 0.04096
1950.0; 82.700; 55.85; 0.00057; -0.00751; 2.25856; 0.04054
1953.0; 82.754; 55.93; 0.00070; -0.00929; 2.38142; 0.04004
1956.0; 82.808; 56.02; 0.00087; -0.01152; 2.50305; 0.03943
1959.0; 82.861; 56.10; 0.00107; -0.01428; 2.62321; 0.03868
1962.0; 82.915; 56.18; 0.00133; -0.01763; 2.74157; 0.03777
1965.0; 82.968; 56.27; 0.00164; -0.02162; 2.85776; 0.03666
1968.0; 83.021; 56.35; 0.00202; -0.02625; 2.97132; 0.03533
1971.0; 83.075; 56.42; 0.00247; -0.03148; 3.08173; 0.03373
1974.0; 83.128; 56.50; 0.00300; -0.03717; 3.18836; 0.03183
1977.0; 83.181; 56.58; 0.00359; -0.04310; 3.29053; 0.02964
1980.0; 83.234; 56.65; 0.00424; -0.04898; 3.38750; 0.02713
1983.0; 83.287; 56.73; 0.00493; -0.05436; 3.47851; 0.02432
1986.0; 83.340; 56.80; 0.00562; -0.05877; 3.56279; 0.02126
1989.0; 83.393; 56.87; 0.00628; -0.06164; 3.63965; 0.01802
