# s_m; t_s; f_x_fl_N; f_y_fl_N; f_z_fl_N; f_x_fr_N; f_y_fr_N; f_z_fr_N;f_x_rl_N; f_y_rl_N; f_z_rl_N; f_x_rr_N;f_y_rr_N; f_z_rr_N;
0.0; 0.000; -29.8; -675.0; 3206.0; -29.8; -555.2; 2573.8; 2021.2; -764.8; 4209.7; 2021.2; -666.9; 3577.5
3.0; 0.054; -30.8; -668.0; 3216.9; -30.8; -549.7; 2583.9; 1958.3; -773.5; 4204.9; 1958.3; -674.1; 3572.0
6.0; 0.107; -31.2; -641.9; 3280.3; -31.2; -534.3; 2666.8; 1385.5; -751.5; 4123.2; 1385.5; -655.7; 3509.7
9.0; 0.161; -34.0; -596.1; 3380.6; -34.0; -505.6; 2804.0; 430.7; -707.5; 3980.4; 430.7; -619.1; 3403.7
12.0; 0.214; -486.5; -532.6; 3502.3; -486.5; -462.2; 2977.6; -334.2; -646.6; 3792.4; -334.2; -568.8; 3267.6
15.0; 0.268; -1295.6; -454.1; 3630.2; -1295.6; -403.8; 3170.2; -876.3; -571.4; 3575.8; -876.3; -506.9; 3115.7
18.0; 0.323; -2109.5; -364.8; 3749.3; -2109.5; -332.4; 3364.3; -1419.5; -484.0; 3348.0; -1419.5; -434.7; 2963.0
21.0; 0.378; -2848.4; -271.0; 3845.2; -2848.4; -252.6; 3542.0; -1912.4; -387.7; 3128.0; -1912.4; -354.1; 2824.7
24.0; 0.433; -3430.5; -181.1; 3904.1; -3430.5; -172.3; 3684.3; -2300.6; -287.6; 2936.5; -2300.6; -268.2; 2716.7
27.0; 0.490; -3770.3; -101.9; 3912.0; -3770.3; -98.7; 3771.9; -2527.3; -189.8; 2796.0; -2527.3; -181.2; 2655.9
30.0; 0.547; -3789.4; -31.9; 3854.4; -3789.4; -31.4; 3789.5; -2540.4; -97.7; 2725.4; -2540.4; -95.5; 2660.6
33.0; 0.606; -3789.7; -6.0; 3806.5; -3789.7; -6.0; 3789.7; -2540.6; -24.5; 2672.6; -2540.6; -24.4; 2655.8
36.0; 0.665; -3770.2; -12.6; 3770.2; -3770.2; -12.6; 3770.2; -2527.6; 13.1; 2639.8; -2527.6; 13.1; 2639.7
39.0; 0.726; -3740.4; -19.3; 3740.5; -3740.4; -19.3; 3740.5; -2507.8; 17.5; 2617.8; -2507.8; 17.5; 2617.8
42.0; 0.787; -3711.1; -9.2; 3711.1; -3711.1; -9.2; 3711.1; -2488.2; 7.8; 2596.2; -2488.2; 7.8; 2596.2
45.0; 0.850; -3682.0; -0.1; 3682.1; -3682.0; -0.1; 3682.1; -2468.9; -0.3; 2574.7; -2468.9; -0.3; 2574.7
48.0; 0.914; -3653.3; 2.8; 3653.3; -3653.3; 2.8; 3653.3; -2449.7; -2.6; 2553.6; -2449.7; -2.6; 2553.6
51.0; 0.979; -3624.9; 1.8; 3624.9; -3624.9; 1.8; 3624.9; -2430.8; -1.5; 2532.6; -2430.8; -1.5; 2532.6
54.0; 1.045; -3596.8; 0.3; 3596.8; -3596.8; 0.3; 3596.8; -2412.0; -0.2; 2511.9; -2412.0; -0.2; 2511.9
57.0; 1.113; -3569.0; -0.3; 3569.0; -3569.0; -0.3; 3569.0; -2393.5; 0.3; 2491.4; -2393.5; 0.3; 2491.4
60.0; 1.182; -3541.6; -0.3; 3541.6; -3541.6; -0.3; 3541.6; -2375.2; 0.2; 2471.2; -2375.2; 0.2; 2471.2
63.0; 1.252; -3514.4; -0.1; 3514.4; -3514.4; -0.1; 3514.4; -2357.1; 0.0; 2451.2; -2357.1; 0.0; 2451.2
66.0; 1.325; -3487.6; 0.0; 3487.6; -3487.6; 0.0; 3487.6; -2339.2; -0.0; 2431.4; -2339.2; -0.0; 2431.4
69.0; 1.398; -3461.0; 0.0; 3461.1; -3461.0; 0.0; 3461.0; -2321.5; -0.0; 2411.9; -2321.5; -0.0; 2411.9
72.0; 1.474; -3434.8; -0.0; 3434.8; -3434.8; -0.0; 3434.8; -2304.0; -0.0; 2392.5; -2304.0; -0.0; 2392.5
75.0; 1.551; -3408.9; -0.0; 3408.9; -3408.9; -0.0; 3408.9; -2286.8; -0.0; 2373.4; -2286.8; -0.0; 2373.4
78.0; 1.631; -3383.3; -0.0; 3383.3; -3383.3; -0.0; 3383.3; -2269.7; -0.0; 2354.5; -2269.7; -0.0; 2354.5
81.0; 1.712; -3358.0; -0.0; 3358.0; -3358.0; -0.0; 3358.0; -2252.8; -0.0; 2335.9; -2252.8; -0.0; 2335.9
84.0; 1.796; -3332.9; -0.0; 3332.9; -3332.9; -0.0; 3332.9; -2236.1; -0.0; 2317.4; -2236.1; -0.0; 2317.4
87.0; 1.882; -3299.1; -20.2; 3313.4; -3299.1; -20.1; 3299.2; -2213.6; -11.1; 2308.3; -2213.6; -11.1; 2294.0
90.0; 1.971; -3248.4; -70.6; 3303.9; -3248.4; -69.5; 3249.2; -2179.8; -49.5; 2316.3; -2179.8; -48.5; 2261.6
93.0; 2.063; -3180.7; -143.5; 3303.4; -3180.7; -139.0; 3183.8; -2134.6; -120.1; 2340.6; -2134.6; -114.6; 2221.0
96.0; 2.158; -3098.4; -234.2; 3309.8; -3098.4; -221.5; 3106.3; -2079.8; -218.4; 2378.1; -2079.8; -201.6; 2174.6
99.0; 2.256; -3005.0; -337.9; 3320.5; -3005.0; -311.0; 3021.0; -2017.5; -336.8; 2424.7; -2017.5; -299.3; 2125.2
102.0; 2.358; -2903.1; -451.6; 3333.5; -2903.1; -403.3; 2931.0; -1949.6; -469.2; 2477.3; -1949.6; -400.2; 2074.8
105.0; 2.464; -2793.4; -575.3; 3348.1; -2793.4; -497.3; 2837.3; -1876.4; -613.3; 2534.9; -1876.4; -501.3; 2024.1
108.0; 2.574; -2674.0; -711.6; 3364.5; -2674.0; -593.4; 2739.1; -1796.9; -770.9; 2598.5; -1796.9; -602.4; 1973.1
111.0; 2.689; -2541.1; -865.7; 3383.5; -2541.1; -693.4; 2634.0; -1708.2; -947.1; 2670.7; -1708.2; -705.2; 1921.1
114.0; 2.809; -2389.4; -1044.2; 3406.1; -2389.4; -798.2; 2519.2; -1607.1; -1148.5; 2754.4; -1607.1; -811.4; 1867.5
117.0; 2.935; -2213.5; -1253.5; 3432.6; -2213.5; -907.1; 2392.1; -1489.8; -1381.1; 2852.5; -1489.8; -920.9; 1812.1
120.0; 3.065; -2010.5; -1496.3; 3462.3; -2010.5; -1015.9; 2252.6; -1354.5; -1646.2; 2965.5; -1354.5; -1031.2; 1755.8
123.0; 3.202; -1784.1; -1766.3; 3492.9; -1784.1; -1116.5; 2104.6; -1203.5; -1935.3; 3089.6; -1203.5; -1136.5; 1701.3
126.0; 3.344; -1548.3; -2043.6; 3520.7; -1548.3; -1198.5; 1957.9; -1046.3; -2227.0; 3215.0; -1046.3; -1229.2; 1652.2
129.0; 3.494; -1325.6; -2298.0; 3542.0; -1325.6; -1255.2; 1825.5; -897.9; -2492.3; 3328.6; -897.9; -1303.5; 1612.1
132.0; 3.650; -1137.8; -2502.8; 3554.9; -1137.8; -1287.3; 1718.1; -772.7; -2707.4; 3419.3; -772.7; -1357.6; 1582.4
135.0; 3.812; -993.7; -2650.8; 3560.4; -993.7; -1302.2; 1638.0; -676.6; -2865.4; 3484.1; -676.6; -1393.9; 1561.8
138.0; 3.980; -885.9; -2754.7; 3560.4; -885.9; -1308.0; 1579.7; -604.8; -2975.4; 3528.4; -604.8; -1416.9; 1547.7
141.0; 4.152; -796.3; -2836.2; 3557.0; -796.3; -1310.8; 1533.7; -545.1; -3053.9; 3561.6; -545.1; -1431.6; 1538.3
144.0; 4.327; -706.1; -2913.6; 3550.9; -706.1; -1313.2; 1491.1; -484.9; -3115.9; 3592.5; -484.9; -1441.9; 1532.7
147.0; 4.506; -608.1; -2990.1; 3542.0; -608.1; -1315.1; 1448.9; -419.6; -3167.6; 3624.1; -419.6; -1449.7; 1530.9
150.0; 4.687; -517.9; -3049.8; 3530.9; -517.9; -1314.9; 1413.2; -359.5; -3203.6; 3650.2; -359.5; -1454.2; 1532.5
153.0; 4.872; -459.0; -3080.0; 3518.9; -459.0; -1314.4; 1392.2; -320.2; -3212.4; 3662.2; -320.2; -1451.2; 1535.5
156.0; 5.061; -431.3; -3086.8; 3505.0; -431.3; -1317.8; 1386.6; -301.7; -3181.0; 3659.2; -301.7; -1435.5; 1540.7
159.0; 5.253; -29.8; -3029.8; 3420.1; -29.8; -1241.6; 1298.0; -34.0; -3204.4; 3743.5; -34.0; -1483.5; 1621.4
162.0; 5.447; -29.8; -2965.7; 3338.6; -29.8; -1169.1; 1219.3; 598.6; -3257.5; 3822.2; 598.6; -1552.5; 1703.0
165.0; 5.643; -29.8; -2967.0; 3339.6; -29.8; -1157.4; 1206.3; 647.5; -3304.4; 3835.7; 647.5; -1574.4; 1702.4
168.0; 5.839; -29.8; -2980.9; 3359.1; -29.8; -1160.3; 1210.0; 556.3; -3341.4; 3832.0; 556.3; -1588.4; 1683.0
171.0; 6.037; -29.8; -2827.9; 3222.1; -29.8; -1160.8; 1234.6; 1014.9; -2889.6; 3811.6; 1014.9; -1515.6; 1824.1
174.0; 6.233; -29.8; -2614.3; 3086.5; -29.8; -1146.9; 1285.4; 1376.5; -2445.8; 3768.3; 1376.5; -1405.4; 1967.2
177.0; 6.428; -29.8; -2682.2; 3153.7; -29.8; -1138.7; 1268.3; 1202.2; -2669.6; 3792.0; 1202.2; -1479.7; 1906.5
180.0; 6.621; -29.8; -2726.9; 3193.5; -29.8; -1139.9; 1258.9; 1102.7; -2795.1; 3807.1; 1102.7; -1513.3; 1872.5
183.0; 6.811; -29.8; -2682.8; 3184.3; -29.8; -1131.2; 1266.6; 1130.0; -2774.0; 3805.4; 1130.0; -1512.1; 1887.6
186.0; 6.997; -29.8; -2555.5; 3136.1; -29.8; -1110.1; 1290.2; 1252.6; -2642.1; 3788.8; 1252.6; -1485.2; 1942.9
189.0; 7.178; -29.8; -2365.1; 3062.0; -29.8; -1076.6; 1327.5; 1428.4; -2441.2; 3760.0; 1428.4; -1436.1; 2025.5
192.0; 7.353; -29.8; -2145.1; 2976.9; -29.8; -1033.5; 1373.5; 1618.8; -2214.8; 3724.1; 1618.8; -1369.9; 2120.7
195.0; 7.524; -29.8; -1920.5; 2890.4; -29.8; -983.4; 1423.6; 1803.5; -1988.9; 3685.5; 1803.5; -1292.2; 2218.7
198.0; 7.688; -29.8; -1702.9; 2806.2; -29.8; -927.6; 1475.6; 1976.6; -1772.4; 3646.3; 1976.6; -1206.4; 2315.7
201.0; 7.847; -29.8; -1497.4; 2725.9; -29.8; -867.0; 1528.2; 2136.6; -1568.7; 3607.8; 2136.6; -1115.1; 2410.1
204.0; 8.001; -29.8; -1306.5; 2650.4; -29.8; -802.6; 1580.4; 2282.9; -1379.3; 3570.7; 2282.9; -1020.8; 2500.7
207.0; 8.148; -29.8; -1131.5; 2580.1; -29.8; -735.3; 1631.5; 2415.9; -1204.7; 3535.6; 2415.9; -925.3; 2587.0
210.0; 8.291; -29.8; -971.6; 2514.8; -29.8; -665.9; 1681.4; 2536.8; -1044.1; 3502.5; 2536.8; -829.9; 2669.0
213.0; 8.429; -29.8; -825.0; 2454.1; -29.8; -594.7; 1730.0; 2647.2; -895.5; 3471.3; 2647.2; -734.8; 2747.3
216.0; 8.562; -29.8; -689.2; 2396.8; -29.8; -521.4; 1778.0; 2749.3; -756.4; 3441.6; 2749.3; -639.7; 2822.7
219.0; 8.691; -29.8; -561.3; 2341.7; -29.8; -445.1; 1825.8; 2845.2; -624.0; 3412.5; 2845.2; -543.1; 2896.5
222.0; 8.817; -29.8; -439.1; 2287.9; -29.8; -364.7; 1874.1; 2936.4; -495.7; 3383.6; 2936.4; -443.8; 2969.7
225.0; 8.940; -29.8; -321.5; 2234.9; -29.8; -279.7; 1923.2; 3023.6; -370.6; 3354.5; 3023.6; -341.1; 3042.8
228.0; 9.059; -29.8; -209.5; 2183.0; -29.8; -190.7; 1972.8; 3106.3; -249.3; 3325.4; 3106.3; -235.8; 3115.2
231.0; 9.176; -29.8; -102.9; 2132.3; -29.8; -98.0; 2022.9; 3184.4; -131.9; 3296.5; 3184.4; -128.1; 3187.0
234.0; 9.290; -29.8; 8.7; 2077.4; -29.8; 8.8; 2077.4; 3263.5; -8.8; 3263.6; 3263.5; -8.8; 3263.5
237.0; 9.402; -29.8; 163.1; 2019.0; -29.8; 174.9; 2175.3; 3182.7; 157.0; 3186.6; 3182.7; 163.4; 3342.9
240.0; 9.511; -29.8; 425.3; 1906.9; -29.8; 517.1; 2352.0; 2997.4; 439.3; 3029.4; 2997.4; 493.0; 3474.4
243.0; 9.618; -30.2; 696.0; 1867.0; -30.2; 968.1; 2668.2; 1949.0; 761.8; 2724.9; 1949.0; 948.9; 3526.0
246.0; 9.725; -47.3; 933.7; 1948.8; -47.3; 1423.1; 3093.0; -45.0; 1017.6; 2296.9; -45.0; 1446.0; 3441.0
249.0; 9.833; -1193.3; 1119.6; 2058.4; -1193.3; 1783.2; 3451.6; -809.1; 1153.9; 1920.9; -809.1; 1870.7; 3314.2
252.0; 9.944; -1704.3; 1198.7; 2083.7; -1704.3; 1963.3; 3620.8; -1150.3; 1223.5; 1728.2; -1150.3; 2163.1; 3265.3
255.0; 10.057; -1645.6; 1192.2; 2032.1; -1645.6; 1997.9; 3626.8; -1111.3; 1275.1; 1699.3; -1111.3; 2310.6; 3293.9
258.0; 10.173; -1617.4; 1190.6; 2008.4; -1617.4; 2011.9; 3617.9; -1091.5; 1284.6; 1685.7; -1091.5; 2347.0; 3295.1
261.0; 10.293; -1614.6; 1184.9; 2002.8; -1614.6; 2000.3; 3602.0; -1090.0; 1277.1; 1679.0; -1090.0; 2331.1; 3278.3
264.0; 10.417; -1634.2; 1171.2; 2010.6; -1634.2; 1961.5; 3582.1; -1103.7; 1261.7; 1676.4; -1103.7; 2286.5; 3247.9
267.0; 10.545; -1622.9; 1173.1; 2002.4; -1622.9; 1966.1; 3565.1; -1096.1; 1250.8; 1671.0; -1096.1; 2262.9; 3233.6
270.0; 10.678; -1564.0; 1192.6; 1966.9; -1564.0; 2031.0; 3556.1; -1056.9; 1256.7; 1658.3; -1056.9; 2296.4; 3247.6
273.0; 10.816; -1455.8; 1225.0; 1902.6; -1455.8; 2155.1; 3556.2; -984.7; 1282.2; 1637.9; -984.7; 2396.5; 3291.4
276.0; 10.958; -1315.1; 1259.2; 1820.7; -1315.1; 2314.2; 3561.7; -890.9; 1319.3; 1613.7; -890.9; 2541.9; 3354.6
279.0; 11.106; -1168.7; 1285.5; 1737.3; -1168.7; 2474.2; 3567.8; -793.3; 1357.3; 1590.5; -793.3; 2697.8; 3421.0
282.0; 11.260; -1038.8; 1300.9; 1664.8; -1038.8; 2609.2; 3571.3; -706.7; 1389.1; 1571.3; -706.7; 2836.0; 3477.9
285.0; 11.421; -934.4; 1307.8; 1607.3; -934.4; 2711.6; 3571.3; -637.1; 1412.4; 1556.6; -637.1; 2944.4; 3520.7
288.0; 11.589; -851.1; 1310.2; 1562.4; -851.1; 2788.5; 3568.4; -581.6; 1428.0; 1545.6; -581.6; 3024.5; 3551.6
291.0; 11.764; -777.1; 1311.5; 1524.5; -777.1; 2853.7; 3563.2; -532.2; 1438.4; 1537.7; -532.2; 3084.8; 3576.5
294.0; 11.944; -699.1; 1313.1; 1487.6; -699.1; 2919.4; 3556.0; -480.2; 1445.8; 1532.7; -480.2; 3134.4; 3601.1
297.0; 12.127; -612.3; 1314.6; 1450.2; -612.3; 2986.8; 3546.7; -422.3; 1451.3; 1530.9; -422.3; 3176.7; 3627.4
300.0; 12.314; -529.0; 1314.9; 1417.4; -529.0; 3042.9; 3535.2; -366.9; 1453.5; 1532.3; -366.9; 3205.5; 3650.1
303.0; 12.504; -469.7; 1315.5; 1396.8; -469.7; 3074.4; 3522.1; -327.3; 1448.1; 1535.9; -327.3; 3207.3; 3661.2
306.0; 12.699; -438.4; 1321.0; 1391.9; -438.4; 3082.8; 3505.4; -306.4; 1427.4; 1543.4; -306.4; 3160.9; 3656.9
309.0; 12.899; -29.8; 1249.1; 1306.3; -29.8; 3024.6; 3414.3; -34.0; 1466.6; 1629.9; -34.0; 3155.1; 3737.9
312.0; 13.102; -29.8; 1157.5; 1207.3; -29.8; 2937.0; 3302.5; 803.0; 1547.1; 1743.1; 803.0; 3196.4; 3838.3
315.0; 13.306; -29.8; 1157.7; 1207.6; -29.8; 2937.4; 3302.7; 805.6; 1547.0; 1744.2; 805.6; 3192.7; 3839.3
318.0; 13.512; -29.8; 1158.3; 1207.0; -29.8; 2946.5; 3312.3; 774.0; 1553.6; 1735.7; 774.0; 3217.8; 3841.0
321.0; 13.718; -29.8; 1157.5; 1207.4; -29.8; 2957.0; 3332.3; 696.1; 1568.9; 1716.4; 696.1; 3275.1; 3841.3
324.0; 13.923; -29.8; 1145.8; 1218.3; -29.8; 2916.5; 3352.7; 573.4; 1596.4; 1696.3; 573.4; 3339.6; 3830.6
327.0; 14.124; -29.8; 1069.2; 1290.9; -29.8; 2439.1; 3132.9; 1175.6; 1520.4; 1921.9; 1175.6; 2737.8; 3763.9
330.0; 14.317; -29.8; 909.3; 1479.9; -29.8; 1643.0; 2737.6; 2038.4; 1130.2; 2330.7; 2038.4; 1621.5; 3588.4
333.0; 14.500; -29.8; 810.6; 1548.6; -29.8; 1357.4; 2636.1; 2222.1; 1025.4; 2447.3; 2222.1; 1391.7; 3534.8
336.0; 14.671; -29.8; 651.0; 1657.7; -29.8; 956.9; 2471.8; 2500.7; 809.9; 2628.5; 2500.7; 1013.2; 3442.6
339.0; 14.833; -29.8; 311.3; 1847.6; -29.8; 367.5; 2199.8; 2894.9; 383.2; 2920.2; 2894.9; 421.4; 3272.3
342.0; 14.987; -30.7; -321.7; 2285.2; -30.7; -281.9; 1999.5; 2005.4; -311.8; 3133.4; 2005.4; -288.3; 2847.7
345.0; 15.139; -550.2; -1256.8; 3011.7; -550.2; -849.3; 2002.0; -380.7; -1277.5; 3123.1; -380.7; -914.2; 2113.3
348.0; 15.296; -1509.7; -2096.5; 3466.6; -1509.7; -1209.6; 1934.5; -1020.6; -2138.0; 3171.0; -1020.6; -1194.0; 1638.9
351.0; 15.459; -1109.7; -2537.9; 3517.4; -1109.7; -1289.3; 1701.1; -754.0; -2651.1; 3389.2; -754.0; -1338.5; 1573.0
354.0; 15.629; -870.0; -2775.4; 3532.7; -870.0; -1310.6; 1573.1; -594.2; -2917.3; 3504.6; -594.2; -1400.3; 1545.0
357.0; 15.805; -720.9; -2905.0; 3533.9; -720.9; -1314.1; 1498.8; -494.8; -3060.6; 3567.7; -494.8; -1429.6; 1532.7
360.0; 15.986; -615.7; -2984.5; 3528.6; -615.7; -1313.3; 1450.5; -424.6; -3140.8; 3605.9; -424.6; -1443.7; 1527.8
363.0; 16.172; -534.5; -3036.4; 3519.8; -534.5; -1311.9; 1416.6; -370.5; -3184.5; 3630.5; -370.5; -1449.4; 1527.3
366.0; 16.364; -477.8; -3065.1; 3509.2; -477.8; -1310.8; 1395.2; -332.7; -3200.5; 3643.1; -332.7; -1448.4; 1529.1
369.0; 16.561; -447.4; -3074.4; 3497.6; -447.4; -1311.9; 1386.1; -312.4; -3188.3; 3643.5; -312.4; -1438.8; 1532.0
372.0; 16.766; -434.8; -3071.0; 3482.5; -434.8; -1318.1; 1388.0; -304.1; -3135.6; 3632.9; -304.1; -1416.0; 1538.4
375.0; 16.976; -29.8; -3010.7; 3395.7; -29.8; -1242.8; 1300.0; -34.0; -3144.1; 3716.7; -34.0; -1457.4; 1621.1
378.0; 17.188; -29.8; -2934.2; 3299.3; -29.8; -1157.4; 1206.6; 718.1; -3208.1; 3811.0; 718.1; -1539.3; 1718.3
381.0; 17.400; -29.8; -2943.5; 3310.1; -29.8; -1151.9; 1200.3; 702.9; -3257.2; 3818.0; 702.9; -1556.9; 1708.3
384.0; 17.611; -29.8; -2966.9; 3340.7; -29.8; -1154.1; 1203.6; 569.9; -3327.4; 3814.9; 569.9; -1578.1; 1677.8
387.0; 17.820; -29.8; -2816.6; 3214.3; -29.8; -1151.1; 1229.6; 979.6; -2900.7; 3792.6; 979.6; -1519.6; 1808.0
390.0; 18.022; -29.8; -2562.7; 3053.8; -29.8; -1127.1; 1289.6; 1402.9; -2382.0; 3740.1; 1402.9; -1391.4; 1975.9
393.0; 18.220; -29.8; -2634.7; 3120.0; -29.8; -1121.0; 1271.7; 1235.6; -2599.5; 3764.5; 1235.6; -1464.7; 1916.2
396.0; 18.415; -29.8; -2677.2; 3156.3; -29.8; -1124.4; 1262.6; 1149.2; -2712.1; 3779.4; 1149.2; -1495.2; 1885.8
399.0; 18.608; -29.8; -2626.4; 3144.3; -29.8; -1114.8; 1271.5; 1183.5; -2683.3; 3776.7; 1183.5; -1491.4; 1904.0
402.0; 18.799; -29.8; -2491.6; 3094.1; -29.8; -1091.3; 1296.8; 1308.0; -2547.8; 3758.8; 1308.0; -1461.6; 1961.4
405.0; 18.986; -29.8; -2295.3; 3018.8; -29.8; -1055.4; 1335.7; 1483.2; -2346.2; 3728.6; 1483.2; -1408.6; 2045.5
408.0; 19.168; -29.8; -2070.2; 2932.6; -29.8; -1009.8; 1383.2; 1673.0; -2119.6; 3691.5; 1673.0; -1337.8; 2142.1
411.0; 19.346; -29.8; -1840.5; 2844.6; -29.8; -957.0; 1435.2; 1858.1; -1892.3; 3651.4; 1858.1; -1254.6; 2242.0
414.0; 19.518; -29.8; -1619.0; 2759.2; -29.8; -898.4; 1488.8; 2031.1; -1675.1; 3611.0; 2031.1; -1163.4; 2340.7
417.0; 19.684; -29.8; -1412.7; 2678.6; -29.8; -835.1; 1542.5; 2189.2; -1473.0; 3571.9; 2189.2; -1067.9; 2435.8
420.0; 19.845; -29.8; -1225.6; 2604.6; -29.8; -769.2; 1594.8; 2331.0; -1289.0; 3535.2; 2331.0; -971.7; 2525.4
423.0; 20.000; -29.8; -1059.6; 2538.1; -29.8; -702.7; 1644.6; 2456.3; -1124.5; 3501.9; 2456.3; -877.9; 2608.5
426.0; 20.150; -29.8; -914.4; 2479.3; -29.8; -637.5; 1691.3; 2566.1; -979.3; 3472.5; 2566.1; -788.7; 2684.6
429.0; 20.295; -29.8; -788.8; 2428.0; -29.8; -574.9; 1734.6; 2661.9; -852.3; 3447.2; 2661.9; -705.4; 2753.7
432.0; 20.434; -29.8; -680.6; 2383.8; -29.8; -516.0; 1774.4; 2745.3; -741.7; 3425.8; 2745.3; -628.8; 2816.4
435.0; 20.568; -29.8; -587.7; 2345.9; -29.8; -461.3; 1810.9; 2818.2; -645.6; 3408.1; 2818.2; -558.9; 2873.1
438.0; 20.698; -29.8; -508.2; 2313.7; -29.8; -411.2; 1844.2; 2882.0; -562.3; 3393.8; 2882.0; -495.8; 2924.3
441.0; 20.824; -29.8; -441.2; 2287.2; -29.8; -366.6; 1874.3; 2937.5; -491.3; 3383.1; 2937.5; -440.0; 2970.3
444.0; 20.946; -29.8; -387.9; 2267.1; -29.8; -329.3; 1900.5; 2984.2; -433.6; 3376.6; 2984.2; -393.3; 3010.0
447.0; 21.065; -29.8; -351.8; 2255.3; -29.8; -303.1; 1921.1; 3020.3; -392.9; 3375.8; 3020.3; -359.7; 3041.6
450.0; 21.181; -29.8; -340.0; 2255.6; -29.8; -294.7; 1933.4; 3041.5; -376.6; 3383.4; 3041.5; -346.0; 3061.1
453.0; 21.294; -29.8; -363.9; 2273.9; -29.8; -313.0; 1933.2; 3041.1; -396.0; 3403.3; 3041.1; -362.2; 3062.6
456.0; 21.405; -29.8; -438.7; 2317.3; -29.8; -367.7; 1915.4; 3009.5; -466.4; 3440.5; 3009.5; -419.8; 3038.6
459.0; 21.513; -29.8; -577.7; 2391.2; -29.8; -461.6; 1877.0; 2936.9; -601.2; 3497.7; 2936.9; -525.4; 2983.5
462.0; 21.619; -29.8; -776.3; 2491.9; -29.8; -580.8; 1821.5; 2822.4; -798.1; 3571.1; 2822.4; -668.8; 2900.6
465.0; 21.724; -30.5; -1015.0; 2708.6; -30.5; -715.9; 1853.7; 1879.3; -1044.9; 3549.7; 1879.3; -825.2; 2694.8
468.0; 21.828; -65.8; -1277.1; 3057.0; -65.8; -868.6; 2001.5; -55.9; -1335.5; 3398.5; -55.9; -966.1; 2343.0
471.0; 21.934; -1276.9; -1527.3; 3392.0; -1276.9; -1019.1; 2161.7; -864.3; -1625.1; 3220.2; -864.3; -1061.1; 1990.0
474.0; 22.043; -1935.9; -1682.0; 3580.4; -1935.9; -1102.9; 2228.0; -1304.7; -1860.7; 3127.8; -1304.7; -1120.6; 1775.4
477.0; 22.156; -1884.0; -1707.2; 3582.3; -1884.0; -1098.6; 2180.9; -1270.1; -1984.8; 3149.3; -1270.1; -1170.0; 1747.8
480.0; 22.273; -1866.6; -1706.4; 3569.3; -1866.6; -1093.8; 2163.5; -1258.6; -2001.9; 3141.2; -1258.6; -1174.7; 1735.4
483.0; 22.394; -1850.2; -1712.7; 3552.7; -1850.2; -1095.4; 2150.1; -1247.6; -1992.3; 3129.3; -1247.6; -1168.0; 1726.7
486.0; 22.519; -1799.6; -1765.7; 3542.1; -1799.6; -1115.0; 2117.0; -1213.9; -2019.4; 3137.7; -1213.9; -1173.1; 1712.7
489.0; 22.649; -1697.0; -1884.1; 3541.9; -1697.0; -1154.8; 2052.7; -1145.5; -2115.9; 3178.7; -1145.5; -1201.0; 1689.5
492.0; 22.784; -1546.6; -2059.0; 3550.6; -1546.6; -1205.3; 1960.8; -1045.3; -2277.7; 3248.9; -1045.3; -1247.9; 1659.2
495.0; 22.924; -1371.1; -2259.2; 3562.8; -1371.1; -1252.1; 1856.8; -928.2; -2473.3; 3333.4; -928.2; -1301.3; 1627.4
498.0; 23.068; -1200.5; -2446.8; 3573.1; -1200.5; -1285.0; 1758.5; -814.5; -2663.6; 3414.2; -814.5; -1349.6; 1599.6
501.0; 23.217; -1057.7; -2595.9; 3578.9; -1057.7; -1302.8; 1678.1; -719.3; -2821.2; 3478.8; -719.3; -1386.9; 1578.0
504.0; 23.371; -949.8; -2701.6; 3580.0; -949.8; -1309.9; 1618.1; -647.4; -2937.8; 3524.2; -647.4; -1412.4; 1562.2
507.0; 23.528; -870.1; -2775.0; 3577.8; -870.1; -1311.9; 1574.2; -594.2; -3019.0; 3554.4; -594.2; -1428.7; 1550.7
510.0; 23.688; -804.0; -2832.9; 3573.2; -804.0; -1312.5; 1539.2; -550.2; -3076.9; 3576.5; -550.2; -1439.0; 1542.5
513.0; 23.852; -736.5; -2890.5; 3566.9; -736.5; -1313.8; 1506.1; -505.2; -3123.2; 3597.6; -505.2; -1446.0; 1536.8
516.0; 24.020; -658.0; -2954.5; 3558.8; -658.0; -1315.7; 1471.0; -452.8; -3164.6; 3621.6; -452.8; -1451.5; 1533.8
519.0; 24.190; -572.8; -3017.5; 3548.7; -572.8; -1316.8; 1436.0; -396.0; -3199.1; 3646.5; -396.0; -1455.4; 1533.9
522.0; 24.364; -499.7; -3063.3; 3536.7; -499.7; -1317.0; 1408.6; -347.3; -3216.1; 3664.5; -347.3; -1454.6; 1536.5
525.0; 24.541; -453.2; -3084.8; 3522.7; -453.2; -1319.2; 1394.9; -316.3; -3198.7; 3669.3; -316.3; -1443.5; 1541.6
528.0; 24.722; -243.7; -3063.2; 3471.6; -243.7; -1287.9; 1351.4; -176.7; -3175.3; 3706.1; -176.7; -1453.2; 1585.9
531.0; 24.906; -29.8; -3001.3; 3382.9; -29.8; -1220.3; 1274.5; 254.6; -3173.9; 3780.6; 254.6; -1497.7; 1672.2
534.0; 25.091; -29.8; -2941.2; 3306.7; -29.8; -1160.2; 1209.9; 815.2; -3191.2; 3846.5; 815.2; -1548.3; 1749.7
537.0; 25.277; -29.8; -2940.0; 3304.3; -29.8; -1160.9; 1210.3; 827.6; -3179.5; 3847.4; 827.6; -1545.9; 1753.5
540.0; 25.464; -29.8; -2941.7; 3306.8; -29.8; -1161.6; 1210.4; 821.9; -3183.9; 3848.6; 821.9; -1547.5; 1752.2
543.0; 25.652; -29.8; -2937.3; 3313.7; -29.8; -1160.1; 1211.3; 795.5; -3205.9; 3848.9; 795.5; -1554.9; 1746.5
546.0; 25.840; -29.8; -2897.0; 3324.0; -29.8; -1149.5; 1217.6; 733.6; -3252.4; 3843.6; 733.6; -1574.8; 1737.3
549.0; 26.028; -29.8; -2690.7; 3324.4; -29.8; -1098.3; 1250.2; 605.7; -3319.0; 3811.7; 605.7; -1628.5; 1737.5
552.0; 26.212; -29.8; -1539.1; 2811.0; -29.8; -842.1; 1461.2; 1838.3; -1986.0; 3611.6; 1838.3; -1317.7; 2261.8
555.0; 26.387; -29.8; -353.2; 2169.5; -29.8; -304.1; 1850.7; 2904.8; -357.8; 3242.0; 2904.8; -327.9; 2923.2
558.0; 26.552; -29.8; 96.5; 1951.8; -29.8; 101.3; 2046.7; 3065.3; 99.8; 3067.0; 3065.3; 102.3; 3161.9
561.0; 26.709; -29.8; 615.9; 1702.1; -29.8; 867.6; 2428.1; 2607.9; 710.6; 2703.0; 2607.9; 865.2; 3428.9
564.0; 26.862; -29.8; 1010.3; 1584.4; -29.8; 1833.1; 2973.9; 935.6; 1193.5; 2162.0; 935.6; 1822.0; 3551.5
567.0; 27.016; -781.1; 1283.6; 1648.3; -781.1; 2558.1; 3462.4; -534.9; 1342.6; 1662.0; -534.9; 2577.0; 3476.2
570.0; 27.172; -794.0; 1331.3; 1550.1; -794.0; 2858.9; 3555.1; -543.5; 1414.3; 1557.3; -543.5; 2970.4; 3562.3
573.0; 27.332; -608.7; 1326.7; 1459.7; -608.7; 3005.5; 3558.1; -420.0; 1453.8; 1544.2; -420.0; 3157.9; 3642.6
576.0; 27.495; -345.4; 1294.5; 1377.4; -345.4; 3064.9; 3522.5; -244.3; 1489.9; 1572.4; -244.3; 3252.5; 3717.5
579.0; 27.659; -172.3; 1267.5; 1330.8; -172.3; 3074.5; 3491.0; -129.0; 1509.8; 1598.4; -129.0; 3286.5; 3758.6
582.0; 27.825; -94.4; 1254.4; 1312.5; -94.4; 3068.4; 3472.0; -77.1; 1513.8; 1612.5; -77.1; 3285.5; 3772.0
585.0; 27.992; -29.8; 1243.1; 1299.5; -29.8; 3056.1; 3453.9; -34.0; 1515.3; 1626.4; -34.0; 3274.7; 3780.8
588.0; 28.161; -29.8; 1246.1; 1302.7; -29.8; 3050.7; 3446.7; -34.0; 1503.2; 1629.2; -34.0; 3243.7; 3773.2
591.0; 28.331; -29.8; 1164.3; 1214.3; -29.8; 2981.8; 3359.2; 662.2; 1584.4; 1717.2; 662.2; 3315.6; 3862.1
594.0; 28.500; -29.8; 1165.7; 1215.2; -29.8; 2993.2; 3372.6; 605.6; 1592.6; 1703.8; 605.6; 3347.3; 3861.2
597.0; 28.670; -29.8; 1168.1; 1218.3; -29.8; 2996.5; 3379.3; 567.7; 1599.5; 1697.3; 567.7; 3351.6; 3858.3
600.0; 28.841; -29.8; 1170.5; 1234.5; -29.8; 2881.0; 3267.5; 956.9; 1539.2; 1812.4; 956.9; 2989.3; 3845.4
603.0; 29.009; -29.8; 1175.8; 1280.4; -29.8; 2698.5; 3126.3; 1357.6; 1414.3; 1960.4; 1357.6; 2506.9; 3806.3
606.0; 29.176; -29.8; 1163.8; 1270.7; -29.8; 2731.8; 3173.8; 1230.1; 1472.9; 1919.1; 1230.1; 2670.4; 3822.1
609.0; 29.343; -29.8; 1163.2; 1254.8; -29.8; 2807.3; 3236.3; 1063.9; 1527.5; 1861.5; 1063.9; 2871.5; 3842.9
612.0; 29.510; -29.8; 1162.6; 1250.0; -29.8; 2833.6; 3263.2; 992.5; 1548.1; 1838.9; 992.5; 2956.8; 3852.1
615.0; 29.677; -29.8; 1158.1; 1254.3; -29.8; 2809.2; 3258.7; 1008.8; 1548.2; 1847.8; 1008.8; 2945.8; 3852.2
618.0; 29.844; -29.8; 1147.8; 1267.4; -29.8; 2736.7; 3229.6; 1091.0; 1533.8; 1882.2; 1091.0; 2862.3; 3844.4
621.0; 30.010; -29.8; 1131.1; 1288.6; -29.8; 2623.8; 3183.8; 1211.3; 1508.2; 1934.4; 1211.3; 2732.5; 3829.6
624.0; 30.174; -29.8; 1109.5; 1314.7; -29.8; 2490.5; 3131.5; 1340.9; 1475.9; 1994.1; 1340.9; 2587.2; 3810.9
627.0; 30.336; -29.8; 1086.3; 1342.1; -29.8; 2357.9; 3081.2; 1462.2; 1441.2; 2053.0; 1462.2; 2448.4; 3792.1
630.0; 30.496; -29.8; 1064.3; 1368.0; -29.8; 2240.2; 3037.4; 1567.2; 1407.4; 2106.3; 1567.2; 2327.0; 3775.7
633.0; 30.652; -29.8; 1046.3; 1389.9; -29.8; 2147.2; 3003.6; 1650.5; 1378.3; 2150.3; 1650.5; 2231.2; 3764.0
636.0; 30.806; -29.8; 1035.2; 1405.6; -29.8; 2088.5; 2983.6; 1706.1; 1358.7; 2181.0; 1706.1; 2169.7; 3759.0
639.0; 30.957; -29.8; 1034.2; 1412.2; -29.8; 2074.6; 2981.5; 1726.8; 1353.3; 2194.0; 1726.8; 2152.5; 3763.2
642.0; 31.105; -29.8; 1045.9; 1407.7; -29.8; 2115.3; 3001.1; 1705.3; 1366.0; 2184.9; 1705.3; 2189.3; 3778.3
645.0; 31.251; -29.8; 1070.7; 1390.8; -29.8; 2217.0; 3044.6; 1635.8; 1397.3; 2151.3; 1635.8; 2286.2; 3805.1
648.0; 31.394; -29.8; 1104.6; 1363.8; -29.8; 2371.3; 3108.6; 1521.2; 1442.2; 2096.1; 1521.2; 2437.4; 3840.9
651.0; 31.534; -29.8; 1137.4; 1334.5; -29.8; 2540.7; 3179.8; 1383.3; 1489.1; 2032.5; 1383.3; 2612.9; 3877.9
654.0; 31.673; -29.8; 1159.1; 1312.2; -29.8; 2672.2; 3239.4; 1259.0; 1527.3; 1979.4; 1259.0; 2767.1; 3906.5
657.0; 31.811; -29.8; 1166.8; 1302.1; -29.8; 2734.0; 3274.3; 1181.5; 1551.4; 1950.1; 1181.5; 2863.0; 3922.3
660.0; 31.948; -29.8; 1170.5; 1318.6; -29.8; 2724.9; 3296.5; 1045.3; 1554.5; 1932.5; 1045.3; 2888.1; 3910.4
663.0; 32.086; -30.0; 1226.5; 1445.1; -30.0; 2703.1; 3422.6; 37.2; 1504.6; 1803.4; 37.2; 2900.0; 3780.8
666.0; 32.226; -695.4; 1283.6; 1600.4; -695.4; 2651.1; 3554.3; -473.5; 1447.4; 1659.6; -473.5; 2905.6; 3613.5
669.0; 32.369; -1054.3; 1290.6; 1682.8; -1054.3; 2572.2; 3608.8; -714.1; 1419.0; 1588.5; -714.1; 2902.0; 3514.6
672.0; 32.517; -1066.3; 1263.8; 1692.8; -1066.3; 2491.2; 3588.6; -722.1; 1418.8; 1592.0; -722.1; 2876.9; 3487.8
675.0; 32.671; -1119.1; 1255.8; 1714.9; -1119.1; 2438.7; 3573.1; -757.5; 1398.2; 1590.2; -757.5; 2807.3; 3448.3
678.0; 32.829; -1150.4; 1263.2; 1722.3; -1150.4; 2443.0; 3562.8; -778.4; 1378.1; 1582.8; -778.4; 2757.7; 3423.3
681.0; 32.993; -1126.2; 1276.6; 1702.3; -1126.2; 2499.3; 3556.9; -762.2; 1374.2; 1571.4; -762.2; 2767.6; 3426.0
684.0; 33.165; -1048.2; 1287.8; 1660.4; -1048.2; 2583.7; 3551.7; -713.0; 1385.1; 1560.2; -713.0; 2825.9; 3451.5
687.0; 33.344; -918.4; 1303.9; 1594.8; -918.4; 2719.6; 3549.0; -626.4; 1404.5; 1548.1; -626.4; 2925.4; 3502.2
690.0; 33.532; -787.4; 1312.4; 1530.5; -787.4; 2844.4; 3545.7; -539.1; 1424.8; 1537.8; -539.1; 3029.6; 3553.1
693.0; 33.729; -687.9; 1313.1; 1482.4; -687.9; 2928.3; 3540.5; -472.8; 1439.2; 1530.5; -472.8; 3109.0; 3588.7
696.0; 33.935; -624.4; 1310.6; 1451.7; -624.4; 2975.0; 3533.6; -430.4; 1445.6; 1525.6; -430.4; 3156.2; 3607.5
699.0; 34.149; -584.4; 1308.2; 1432.9; -584.4; 3000.2; 3525.2; -403.8; 1445.2; 1522.6; -403.8; 3177.3; 3614.9
702.0; 34.369; -554.2; 1307.6; 1420.2; -554.2; 3016.7; 3515.1; -383.6; 1439.4; 1521.7; -383.6; 3178.9; 3616.6
705.0; 34.594; -526.3; 1309.8; 1411.6; -526.3; 3029.3; 3502.2; -365.1; 1427.0; 1523.9; -365.1; 3159.5; 3614.5
708.0; 34.825; -500.8; 1318.1; 1410.0; -500.8; 3036.0; 3483.6; -348.0; 1400.8; 1532.1; -348.0; 3098.7; 3605.7
711.0; 35.063; -211.2; 1279.8; 1352.7; -211.2; 3004.9; 3412.5; -155.0; 1405.9; 1596.4; -155.0; 3045.2; 3656.2
714.0; 35.300; -29.8; 1151.3; 1200.2; -29.8; 2905.5; 3262.2; 865.6; 1519.4; 1748.7; 865.6; 3127.4; 3810.7
717.0; 35.531; -29.8; 1146.9; 1202.7; -29.8; 2888.5; 3264.0; 856.0; 1525.1; 1748.9; 856.0; 3133.7; 3810.2
720.0; 35.758; -29.8; 1104.9; 1224.3; -29.8; 2732.2; 3267.4; 763.0; 1571.7; 1747.1; 763.0; 3202.0; 3790.2
723.0; 35.978; -29.8; 812.3; 1436.8; -29.8; 1516.8; 2825.2; 1705.4; 1388.7; 2199.3; 1705.4; 2129.9; 3587.7
726.0; 36.183; -29.8; -66.9; 2016.6; -29.8; -62.8; 1929.8; 3026.6; -119.4; 3115.7; 3026.6; -117.0; 3028.9
729.0; 36.375; -29.9; -1282.8; 2586.0; -29.9; -778.3; 1568.2; 2260.6; -1271.7; 3492.4; 2260.6; -959.9; 2474.6
732.0; 36.567; -976.6; -2598.1; 3453.5; -976.6; -1286.9; 1669.1; -665.2; -2539.1; 3377.5; -665.2; -1313.5; 1593.2
735.0; 36.771; -609.4; -2999.0; 3498.8; -609.4; -1326.2; 1459.5; -420.4; -3027.0; 3577.0; -420.4; -1422.9; 1537.6
738.0; 36.983; -464.5; -3071.6; 3494.9; -464.5; -1314.4; 1394.1; -323.8; -3171.8; 3633.5; -323.8; -1452.1; 1532.6
741.0; 37.206; -430.3; -3078.7; 3487.7; -430.3; -1309.9; 1378.8; -301.1; -3198.2; 3639.9; -301.1; -1450.5; 1530.9
744.0; 37.439; -425.0; -3073.7; 3478.7; -425.0; -1310.1; 1377.3; -297.5; -3183.2; 3632.3; -297.5; -1438.6; 1530.8
747.0; 37.681; -29.8; -3003.5; 3386.4; -29.8; -1201.6; 1256.4; 138.5; -3281.4; 3750.3; 138.5; -1530.2; 1620.3
750.0; 37.925; -29.8; -2863.6; 3223.7; -29.8; -1160.3; 1221.9; 931.0; -2928.6; 3788.7; 931.0; -1525.2; 1786.9
753.0; 38.164; -29.8; -2729.3; 3121.1; -29.8; -1152.5; 1255.7; 1226.8; -2578.2; 3761.7; 1226.8; -1446.0; 1896.3
756.0; 38.396; -29.8; -2792.7; 3181.4; -29.8; -1149.6; 1241.4; 1065.5; -2777.4; 3781.6; 1065.5; -1502.1; 1841.6
759.0; 38.623; -29.8; -2811.7; 3204.5; -29.8; -1149.4; 1237.4; 1008.5; -2851.2; 3790.8; 1008.5; -1519.5; 1823.7
762.0; 38.844; -29.8; -2761.5; 3189.0; -29.8; -1138.9; 1246.2; 1055.4; -2808.8; 3787.6; 1055.4; -1513.1; 1844.8
765.0; 39.059; -29.8; -2637.4; 3141.7; -29.8; -1115.8; 1268.3; 1178.4; -2679.2; 3772.1; 1178.4; -1488.8; 1898.7
768.0; 39.267; -29.8; -2447.1; 3068.9; -29.8; -1081.1; 1304.1; 1353.9; -2483.4; 3744.5; 1353.9; -1444.4; 1979.7
771.0; 39.467; -29.8; -2218.5; 2981.9; -29.8; -1037.4; 1350.0; 1551.3; -2253.5; 3708.5; 1551.3; -1380.4; 2076.5
774.0; 39.658; -29.8; -1978.3; 2890.9; -29.8; -986.6; 1401.6; 1747.6; -2017.2; 3668.2; 1747.6; -1301.5; 2178.9
777.0; 39.841; -29.8; -1743.1; 2801.2; -29.8; -929.7; 1456.0; 1932.7; -1788.4; 3626.5; 1932.7; -1212.2; 2281.3
780.0; 40.016; -29.8; -1522.2; 2716.0; -29.8; -867.7; 1510.9; 2102.3; -1574.1; 3585.6; 2102.3; -1116.8; 2380.5
783.0; 40.184; -29.8; -1321.5; 2637.6; -29.8; -802.5; 1564.6; 2254.1; -1378.9; 3547.0; 2254.1; -1019.7; 2474.0
786.0; 40.345; -29.8; -1144.0; 2567.2; -29.8; -736.3; 1615.7; 2387.6; -1205.0; 3511.9; 2387.6; -924.6; 2560.4
789.0; 40.499; -29.8; -990.0; 2505.5; -29.8; -671.5; 1663.3; 2503.5; -1052.7; 3481.1; 2503.5; -834.4; 2638.9
792.0; 40.648; -29.8; -858.2; 2452.2; -29.8; -609.6; 1707.0; 2603.5; -920.8; 3454.7; 2603.5; -750.8; 2709.6
795.0; 40.791; -29.8; -745.8; 2406.6; -29.8; -551.7; 1747.0; 2689.8; -807.1; 3432.7; 2689.8; -674.4; 2773.1
798.0; 40.930; -29.8; -650.0; 2367.9; -29.8; -498.2; 1783.4; 2764.7; -708.9; 3414.6; 2764.7; -605.2; 2830.1
801.0; 41.063; -29.8; -567.8; 2335.0; -29.8; -449.0; 1816.7; 2830.2; -623.8; 3400.1; 2830.2; -542.6; 2881.8
804.0; 41.193; -29.8; -496.8; 2307.0; -29.8; -403.8; 1847.4; 2888.3; -549.5; 3388.5; 2888.3; -485.8; 2928.9
807.0; 41.318; -29.8; -434.8; 2282.9; -29.8; -362.1; 1875.8; 2940.3; -484.0; 3379.4; 2940.3; -434.1; 2972.2
810.0; 41.440; -29.8; -380.0; 2262.2; -29.8; -323.5; 1902.3; 2987.6; -425.6; 3372.4; 2987.6; -386.8; 3012.5
813.0; 41.559; -29.8; -331.1; 2244.2; -29.8; -287.5; 1927.3; 3031.0; -373.0; 3367.2; 3031.0; -343.0; 3050.4
816.0; 41.675; -29.8; -286.9; 2228.4; -29.8; -253.6; 1951.1; 3071.3; -325.1; 3363.4; 3071.3; -302.2; 3086.2
819.0; 41.788; -29.8; -246.5; 2214.4; -29.8; -221.6; 1973.8; 3109.2; -281.1; 3360.9; 3109.2; -263.9; 3120.3
822.0; 41.898; -29.8; -209.2; 2201.9; -29.8; -191.0; 1995.8; 3145.0; -240.2; 3359.3; 3145.0; -227.6; 3153.2
825.0; 42.006; -29.8; -174.3; 2190.5; -29.8; -161.5; 2017.1; 3179.2; -201.8; 3358.5; 3179.2; -192.9; 3185.1
828.0; 42.112; -29.8; -141.5; 2180.2; -29.8; -132.9; 2037.9; 3212.2; -165.4; 3358.4; 3212.2; -159.4; 3216.1
831.0; 42.215; -29.8; -110.3; 2170.6; -29.8; -105.1; 2058.3; 3244.1; -130.6; 3358.8; 3244.1; -126.9; 3246.5
834.0; 42.317; -29.8; -80.8; 2161.8; -29.8; -77.9; 2078.3; 3274.9; -97.4; 3359.8; 3274.9; -95.3; 3276.3
837.0; 42.417; -29.8; -53.3; 2154.0; -29.8; -52.0; 2097.8; 3304.6; -66.1; 3361.4; 3304.6; -65.2; 3305.3
840.0; 42.515; -29.8; -29.0; 2147.8; -29.8; -28.6; 2116.2; 3332.5; -37.9; 3364.3; 3332.5; -37.6; 3332.7
843.0; 42.611; -29.8; -10.0; 2144.5; -29.8; -10.0; 2132.7; 3357.3; -14.9; 3369.2; 3357.3; -14.9; 3357.4
846.0; 42.705; -29.8; 0.4; 2145.8; -29.8; 0.4; 2145.7; 3377.5; -0.5; 3377.6; 3377.5; -0.5; 3377.5
849.0; 42.798; -29.8; -1.4; 2153.8; -29.8; -1.4; 2153.8; 3390.9; 1.3; 3391.0; 3390.9; 1.3; 3390.9
852.0; 42.890; -29.8; -22.7; 2172.5; -29.8; -22.5; 2153.9; 3393.7; -16.6; 3412.3; 3393.7; -16.5; 3393.7
855.0; 42.980; -29.8; -88.2; 2213.7; -29.8; -85.4; 2137.2; 3372.9; -75.0; 3450.1; 3372.9; -73.6; 3373.7
858.0; 43.069; -29.8; -195.7; 2278.0; -29.8; -181.9; 2103.7; 3325.5; -182.0; 3504.3; 3325.5; -174.4; 3330.1
861.0; 43.157; -29.8; -286.9; 2338.6; -29.8; -256.8; 2073.5; 3278.1; -295.7; 3554.8; 3278.1; -277.0; 3289.8
864.0; 43.243; -29.8; -374.2; 2394.1; -29.8; -324.0; 2047.3; 3233.5; -397.6; 3600.9; 3233.5; -364.9; 3254.1
867.0; 43.328; -29.8; -458.8; 2445.6; -29.8; -385.7; 2024.1; 3191.6; -489.8; 3643.6; 3191.6; -441.2; 3222.0
870.0; 43.412; -29.8; -538.4; 2493.6; -29.8; -440.5; 2003.4; 3152.1; -575.6; 3683.2; 3152.1; -509.8; 3193.1
873.0; 43.495; -29.8; -613.1; 2538.4; -29.8; -489.4; 1985.0; 3114.8; -656.1; 3720.3; 3114.8; -572.1; 3166.9
876.0; 43.577; -29.8; -683.6; 2580.6; -29.8; -533.5; 1968.4; 3079.4; -731.9; 3755.2; 3079.4; -629.0; 3143.0
879.0; 43.658; -29.8; -750.5; 2620.4; -29.8; -573.6; 1953.4; 3045.9; -803.5; 3788.1; 3045.9; -681.3; 3121.2
882.0; 43.738; -29.8; -814.2; 2658.1; -29.8; -610.3; 1939.7; 3014.0; -871.3; 3819.4; 3014.0; -729.5; 3101.0
885.0; 43.817; -29.8; -874.8; 2693.9; -29.8; -644.1; 1927.3; 2983.7; -935.6; 3849.1; 2983.7; -774.1; 3082.5
888.0; 43.895; -29.8; -932.7; 2728.0; -29.8; -675.2; 1915.8; 2954.7; -996.9; 3877.5; 2954.7; -815.7; 3065.3
891.0; 43.973; -29.8; -988.1; 2760.7; -29.8; -704.2; 1905.4; 2927.1; -1055.3; 3904.6; 2927.1; -854.5; 3049.3
894.0; 44.050; -29.8; -1027.0; 2787.8; -29.8; -723.6; 1899.7; 2900.7; -1103.3; 3926.6; 2900.7; -886.3; 3038.5
897.0; 44.126; -29.8; -1004.2; 2795.6; -29.8; -710.4; 1913.0; 2875.4; -1109.5; 3929.4; 2875.4; -892.7; 3046.8
900.0; 44.202; -29.8; -923.5; 2780.5; -29.8; -667.9; 1948.8; 2851.0; -1053.0; 3909.6; 2851.0; -858.1; 3077.9
903.0; 44.277; -29.8; -791.7; 2742.4; -29.8; -595.7; 2007.0; 2827.6; -931.7; 3867.0; 2827.6; -777.6; 3131.6
906.0; 44.351; -29.8; -625.0; 2685.7; -29.8; -496.0; 2083.4; 2805.0; -759.9; 3806.0; 2805.0; -655.4; 3203.7
909.0; 44.425; -29.8; -445.9; 2618.3; -29.8; -375.9; 2170.2; 2783.3; -561.8; 3734.5; 2783.3; -503.2; 3286.4
912.0; 44.498; -29.8; -276.9; 2549.6; -29.8; -247.9; 2258.0; 2762.2; -364.1; 3661.8; 2762.2; -338.9; 3370.3
915.0; 44.571; -29.8; -134.3; 2488.2; -29.8; -126.9; 2338.0; 2741.9; -189.0; 3596.7; 2741.9; -182.1; 3446.5
918.0; 44.643; -29.8; -25.7; 2440.1; -29.8; -25.3; 2404.5; 2722.3; -49.8; 3545.0; 2722.3; -49.3; 3509.3
921.0; 44.714; -29.8; 48.8; 2407.8; -29.8; 49.7; 2454.8; 2703.3; 49.5; 3509.2; 2703.3; 50.0; 3556.2
924.0; 44.785; -29.9; 91.4; 2391.6; -29.9; 94.7; 2488.6; 2684.9; 109.9; 3489.6; 2684.9; 112.5; 3586.6
927.0; 44.856; -30.8; 109.7; 2489.2; -30.8; 114.5; 2608.0; 1859.2; 136.1; 3378.5; 1859.2; 140.2; 3497.4
930.0; 44.927; -34.2; 109.2; 2671.1; -34.2; 113.6; 2790.4; 417.1; 137.6; 3194.1; 417.1; 142.0; 3313.3
933.0; 44.998; -827.1; 94.0; 2896.5; -827.1; 97.0; 3000.8; -563.1; 122.4; 2968.9; -563.1; 126.2; 3073.2
936.0; 45.069; -1910.3; 68.7; 3124.9; -1910.3; 70.2; 3204.8; -1286.6; 96.9; 2737.1; -1286.6; 99.4; 2817.0
939.0; 45.142; -2833.1; 39.4; 3316.5; -2833.1; 39.9; 3367.8; -1902.2; 66.1; 2535.4; -1902.2; 67.3; 2586.7
942.0; 45.216; -3405.7; 12.7; 3430.6; -3405.7; 12.8; 3454.4; -2284.1; 34.7; 2403.5; -2284.1; 35.1; 2427.3
945.0; 45.293; -3426.2; -8.2; 3426.2; -3426.2; -8.2; 3426.2; -2298.3; 6.0; 2386.2; -2298.3; 6.0; 2386.2
948.0; 45.371; -3400.4; 4.2; 3400.4; -3400.4; 4.2; 3400.4; -2281.1; -4.3; 2367.1; -2281.1; -4.3; 2367.1
951.0; 45.451; -3374.8; 3.3; 3374.8; -3374.8; 3.3; 3374.8; -2264.0; -2.9; 2348.3; -2264.0; -2.9; 2348.3
954.0; 45.534; -3349.5; 0.5; 3349.5; -3349.5; 0.5; 3349.5; -2247.1; -0.4; 2329.6; -2247.1; -0.4; 2329.6
957.0; 45.619; -3324.4; -0.3; 3324.4; -3324.4; -0.3; 3324.4; -2230.5; 0.3; 2311.2; -2230.5; 0.3; 2311.2
960.0; 45.706; -3299.7; -0.3; 3299.7; -3299.7; -0.3; 3299.7; -2213.9; 0.1; 2293.0; -2213.9; 0.1; 2292.9
963.0; 45.796; -3248.8; -57.0; 3290.2; -3248.8; -56.3; 3249.3; -2180.1; -33.4; 2301.1; -2180.1; -32.8; 2260.2
966.0; 45.890; -3164.4; -163.5; 3298.3; -3164.4; -157.7; 3168.3; -2123.8; -124.9; 2341.0; -2123.8; -118.7; 2211.0
969.0; 45.986; -3045.9; -311.4; 3321.1; -3045.9; -289.6; 3059.6; -2044.8; -277.5; 2410.3; -2044.8; -250.4; 2148.8
972.0; 46.086; -2898.8; -491.0; 3353.1; -2898.8; -436.1; 2931.4; -1946.7; -479.2; 2500.9; -1946.7; -406.3; 2079.2
975.0; 46.190; -2730.2; -693.9; 3389.0; -2730.2; -584.9; 2792.2; -1834.3; -714.6; 2604.8; -1834.3; -566.2; 2007.9
978.0; 46.297; -2544.0; -916.5; 3426.0; -2544.0; -729.4; 2646.5; -1710.2; -973.3; 2717.3; -1710.2; -719.2; 1937.8
981.0; 46.408; -2339.7; -1160.3; 3463.2; -2339.7; -867.3; 2495.3; -1574.0; -1252.3; 2838.0; -1574.0; -862.3; 1870.1
984.0; 46.523; -2115.8; -1426.8; 3500.1; -2115.8; -995.9; 2338.5; -1424.7; -1550.9; 2966.8; -1424.7; -994.5; 1805.3
987.0; 46.642; -1876.6; -1709.5; 3535.1; -1876.6; -1108.8; 2179.7; -1265.2; -1861.5; 3100.5; -1265.2; -1113.3; 1745.2
990.0; 46.765; -1637.5; -1987.2; 3565.1; -1637.5; -1197.1; 2028.4; -1105.8; -2163.9; 3229.5; -1105.8; -1213.9; 1692.8
993.0; 46.892; -1422.2; -2229.9; 3587.3; -1422.2; -1255.7; 1897.2; -962.3; -2430.9; 3340.8; -962.3; -1292.5; 1650.7
996.0; 47.024; -1250.2; -2415.5; 3600.8; -1250.2; -1287.7; 1794.8; -847.7; -2642.5; 3425.2; -847.7; -1349.0; 1619.2
999.0; 47.161; -1126.8; -2541.4; 3606.5; -1126.8; -1301.6; 1721.5; -765.4; -2794.3; 3481.5; -765.4; -1386.4; 1596.5
1002.0; 47.303; -1040.8; -2623.9; 3606.8; -1040.8; -1306.6; 1670.5; -708.1; -2896.6; 3516.6; -708.1; -1409.5; 1580.3
1005.0; 47.450; -961.0; -2699.9; 3603.7; -961.0; -1311.6; 1626.0; -654.9; -2973.5; 3545.8; -654.9; -1424.8; 1568.1
1008.0; 47.601; -887.2; -2768.5; 3599.0; -887.2; -1315.4; 1586.6; -605.6; -3035.6; 3571.0; -605.6; -1436.1; 1558.6
1011.0; 47.754; -830.4; -2817.4; 3593.1; -830.4; -1315.6; 1555.7; -565.4; -3083.0; 3588.4; -565.4; -1444.3; 1551.1
1014.0; 47.909; -781.8; -2857.6; 3586.8; -781.8; -1315.2; 1530.0; -533.4; -3119.5; 3601.4; -533.4; -1449.6; 1544.6
1017.0; 48.066; -728.2; -2902.0; 3579.9; -728.2; -1316.0; 1504.0; -499.6; -3151.4; 3615.5; -499.6; -1453.3; 1539.6
1020.0; 48.225; -623.7; -2988.1; 3569.4; -623.7; -1320.7; 1460.6; -430.0; -3193.5; 3648.2; -430.0; -1458.7; 1539.3
1023.0; 48.387; -519.1; -3062.7; 3556.7; -519.1; -1322.2; 1420.4; -360.2; -3227.2; 3678.8; -360.2; -1462.8; 1542.5
1026.0; 48.550; -453.1; -3099.7; 3543.3; -453.1; -1322.4; 1397.9; -316.2; -3230.2; 3692.4; -316.2; -1458.5; 1546.9
1029.0; 48.715; -108.7; -3065.8; 3472.1; -108.7; -1259.7; 1319.1; -86.6; -3263.5; 3766.1; -86.6; -1503.5; 1613.2
1032.0; 48.883; -29.8; -3051.7; 3448.4; -29.8; -1248.6; 1305.5; -34.0; -3236.3; 3775.4; -34.0; -1501.2; 1632.5
1035.0; 49.051; -29.8; -2985.2; 3363.2; -29.8; -1174.5; 1225.3; 619.0; -3284.7; 3855.6; 619.0; -1570.2; 1717.7
1038.0; 49.220; -29.8; -2982.7; 3360.0; -29.8; -1165.2; 1215.2; 672.8; -3310.8; 3866.1; 672.8; -1584.3; 1721.3
1041.0; 49.391; -29.8; -2996.7; 3376.7; -29.8; -1166.9; 1216.3; 602.7; -3351.5; 3865.0; 602.7; -1594.5; 1704.6
1044.0; 49.564; -29.8; -2991.7; 3378.1; -29.8; -1168.4; 1220.1; 583.0; -3341.0; 3861.5; 583.0; -1600.6; 1703.4
1047.0; 49.739; -29.8; -2823.9; 3222.7; -29.8; -1173.2; 1248.1; 1102.6; -2833.2; 3838.1; 1102.6; -1502.4; 1863.5
1050.0; 49.914; -29.8; -2666.2; 3119.2; -29.8; -1169.6; 1288.1; 1380.3; -2484.6; 3805.6; 1380.3; -1412.0; 1974.5
1053.0; 50.089; -29.8; -2741.8; 3191.7; -29.8; -1161.3; 1269.2; 1190.9; -2725.9; 3830.7; 1190.9; -1490.9; 1908.2
1056.0; 50.262; -29.8; -2810.3; 3247.6; -29.8; -1162.0; 1255.4; 1042.7; -2903.4; 3849.5; 1042.7; -1537.0; 1857.3
1059.0; 50.433; -29.8; -2814.6; 3261.7; -29.8; -1159.6; 1254.5; 1007.1; -2949.6; 3855.0; 1007.1; -1549.3; 1847.9
1062.0; 50.603; -29.8; -2759.9; 3242.6; -29.8; -1151.2; 1264.2; 1062.6; -2896.3; 3850.4; 1062.6; -1541.3; 1872.1
1065.0; 50.770; -29.8; -2651.0; 3198.2; -29.8; -1135.3; 1284.3; 1180.5; -2771.0; 3836.6; 1180.5; -1517.5; 1922.6
1068.0; 50.935; -29.8; -2503.9; 3139.5; -29.8; -1112.0; 1312.7; 1326.5; -2607.7; 3815.5; 1326.5; -1481.6; 1988.7
1071.0; 51.095; -29.8; -2342.2; 3077.1; -29.8; -1083.3; 1345.6; 1473.9; -2437.3; 3791.2; 1473.9; -1438.7; 2059.7
1074.0; 51.252; -29.8; -2180.9; 3016.0; -29.8; -1051.7; 1380.2; 1613.5; -2272.3; 3766.3; 1613.5; -1391.4; 2130.6
1077.0; 51.404; -29.8; -2025.6; 2957.3; -29.8; -1018.2; 1415.5; 1744.4; -2115.2; 3741.8; 1744.4; -1340.6; 2200.0
1080.0; 51.552; -29.8; -1878.8; 2901.9; -29.8; -983.6; 1450.6; 1866.0; -1967.1; 3718.3; 1866.0; -1287.4; 2267.0
1083.0; 51.695; -29.8; -1743.0; 2850.7; -29.8; -948.5; 1484.9; 1977.5; -1830.4; 3696.4; 1977.5; -1233.6; 2330.7
1086.0; 51.835; -29.8; -1620.2; 2804.4; -29.8; -914.0; 1517.7; 2077.9; -1706.6; 3676.8; 2077.9; -1181.0; 2390.1
1089.0; 51.971; -29.8; -1511.1; 2763.5; -29.8; -880.9; 1548.4; 2167.4; -1596.4; 3659.8; 2167.4; -1131.1; 2444.7
1092.0; 52.104; -29.8; -1415.9; 2728.1; -29.8; -850.0; 1576.8; 2246.1; -1500.0; 3645.7; 2246.1; -1084.8; 2494.4
1095.0; 52.235; -29.8; -1335.0; 2698.7; -29.8; -822.3; 1602.5; 2314.3; -1417.7; 3634.9; 2314.3; -1043.5; 2538.7
1098.0; 52.364; -29.8; -1269.4; 2675.7; -29.8; -798.7; 1624.9; 2371.5; -1350.4; 3627.8; 2371.5; -1008.5; 2577.0
1101.0; 52.490; -29.8; -1220.0; 2659.7; -29.8; -780.5; 1643.5; 2417.0; -1299.3; 3624.8; 2417.0; -981.1; 2608.6
1104.0; 52.613; -29.8; -1188.3; 2651.4; -29.8; -768.8; 1657.7; 2450.3; -1265.8; 3626.3; 2450.3; -962.9; 2632.7
1107.0; 52.733; -29.8; -1176.2; 2651.6; -29.8; -765.1; 1666.9; 2469.9; -1251.7; 3633.0; 2469.9; -955.3; 2648.3
1110.0; 52.850; -29.8; -1186.5; 2661.7; -29.8; -770.8; 1670.0; 2474.1; -1259.6; 3645.5; 2474.1; -960.2; 2653.9
1113.0; 52.964; -29.8; -1223.3; 2683.0; -29.8; -787.4; 1666.2; 2460.2; -1293.3; 3664.8; 2460.2; -979.3; 2648.0
1116.0; 53.075; -29.8; -1291.8; 2717.8; -29.8; -816.4; 1654.1; 2424.3; -1357.6; 3691.8; 2424.3; -1014.8; 2628.1
1119.0; 53.183; -29.8; -1398.7; 2768.2; -29.8; -858.9; 1632.4; 2361.5; -1458.7; 3727.7; 2361.5; -1068.2; 2591.9
1122.0; 53.289; -29.8; -1550.2; 2836.4; -29.8; -914.3; 1600.4; 2266.7; -1602.6; 3773.0; 2266.7; -1139.7; 2537.0
1125.0; 53.393; -29.8; -1746.6; 2921.8; -29.8; -978.7; 1558.8; 2137.2; -1790.8; 3826.8; 2137.2; -1225.8; 2463.8
1128.0; 53.496; -29.8; -1971.9; 3018.3; -29.8; -1043.3; 1512.1; 1979.7; -2012.9; 3884.4; 1979.7; -1317.7; 2378.1
1131.0; 53.597; -29.8; -2187.9; 3112.4; -29.8; -1096.0; 1468.4; 1814.9; -2240.1; 3937.5; 1814.9; -1402.4; 2293.6
1134.0; 53.697; -29.8; -2347.2; 3187.3; -29.8; -1128.2; 1436.7; 1674.1; -2431.8; 3977.6; 1674.1; -1468.6; 2227.0
1137.0; 53.796; -29.8; -2411.3; 3228.4; -29.8; -1136.3; 1423.5; 1591.7; -2547.4; 3998.5; 1591.7; -1509.3; 2193.5
1140.0; 53.895; -29.8; -2342.1; 3219.9; -29.8; -1115.5; 1435.2; 1606.7; -2543.2; 3994.4; 1606.7; -1517.2; 2209.8
1143.0; 53.992; -30.1; -2092.7; 3172.0; -30.1; -1063.5; 1514.7; 1507.5; -2362.2; 3922.1; 1507.5; -1462.3; 2264.8
1146.0; 54.090; -31.7; -1639.6; 3199.3; -31.7; -975.7; 1803.7; 256.2; -1973.8; 3631.8; 256.2; -1288.1; 2236.2
1149.0; 54.189; -1026.7; -974.6; 3219.8; -1026.7; -712.1; 2263.4; -696.6; -1358.5; 3157.5; -696.6; -984.3; 2201.1
1152.0; 54.290; -2208.7; -207.6; 3150.8; -2208.7; -185.8; 2806.0; -1485.8; -541.0; 2586.6; -1485.8; -474.0; 2241.8
1155.0; 54.395; -2872.2; 469.8; 2933.3; -2872.2; 523.7; 3271.0; -1928.4; 248.4; 2085.5; -1928.4; 282.8; 2423.3
1158.0; 54.506; -2379.7; 873.1; 2534.8; -2379.7; 1149.6; 3433.9; -1600.6; 774.9; 1892.0; -1600.6; 1093.6; 2791.2
1161.0; 54.621; -1934.1; 1104.1; 2227.1; -1934.1; 1670.5; 3530.2; -1303.6; 1067.7; 1770.1; -1303.6; 1745.8; 3073.2
1164.0; 54.741; -1599.9; 1221.2; 2012.7; -1599.9; 2051.5; 3583.4; -1080.7; 1228.2; 1694.8; -1080.7; 2207.9; 3265.6
1167.0; 54.866; -1366.7; 1275.3; 1869.3; -1366.7; 2307.3; 3610.7; -925.3; 1319.3; 1648.1; -925.3; 2518.1; 3389.4
1170.0; 54.994; -1214.2; 1297.3; 1776.9; -1214.2; 2466.3; 3622.5; -823.6; 1371.5; 1618.4; -823.6; 2717.3; 3464.0
1173.0; 55.125; -1116.0; 1305.2; 1717.3; -1116.0; 2562.4; 3625.4; -758.2; 1401.3; 1598.8; -758.2; 2841.7; 3506.9
1176.0; 55.259; -1035.9; 1311.0; 1670.9; -1035.9; 2639.5; 3623.7; -704.8; 1419.4; 1584.7; -704.8; 2926.9; 3537.6
1179.0; 55.396; -959.5; 1316.5; 1629.0; -959.5; 2712.3; 3619.7; -652.9; 1432.2; 1574.0; -652.9; 2994.3; 3564.7
1182.0; 55.535; -898.1; 1318.4; 1595.2; -898.1; 2767.3; 3614.4; -609.5; 1442.0; 1565.5; -609.5; 3047.1; 3584.6
1185.0; 55.675; -842.9; 1319.4; 1565.7; -842.9; 2815.4; 3608.6; -572.4; 1449.2; 1558.1; -572.4; 3090.7; 3601.1
1188.0; 55.818; -799.4; 1316.9; 1543.1; -799.4; 2844.1; 3601.4; -543.2; 1454.7; 1552.8; -543.2; 3122.7; 3611.1
1191.0; 55.962; -764.6; 1316.1; 1523.8; -764.6; 2872.4; 3595.1; -519.8; 1457.2; 1547.2; -519.8; 3147.3; 3618.4
1194.0; 56.109; -723.7; 1317.6; 1503.2; -723.7; 2909.5; 3589.0; -496.6; 1458.1; 1541.8; -496.6; 3169.7; 3627.5
1197.0; 56.259; -624.9; 1322.5; 1462.7; -624.9; 2991.2; 3578.3; -430.8; 1462.1; 1542.0; -430.8; 3205.2; 3657.6
1200.0; 56.411; -466.7; 1313.6; 1411.2; -466.7; 3058.1; 3554.9; -324.7; 1475.4; 1556.7; -324.7; 3243.8; 3700.3
1203.0; 56.566; -175.5; 1267.9; 1336.9; -175.5; 3067.9; 3501.3; -131.1; 1516.0; 1604.7; -131.1; 3294.4; 3769.0
1206.0; 56.723; -54.7; 1247.0; 1306.4; -54.7; 3066.8; 3476.9; -50.6; 1531.8; 1624.7; -50.6; 3311.7; 3795.2
1209.0; 56.882; -70.8; 1250.8; 1308.7; -70.8; 3071.3; 3477.1; -61.4; 1525.5; 1619.8; -61.4; 3304.1; 3788.2
1212.0; 57.045; -112.3; 1259.1; 1317.5; -112.3; 3075.5; 3481.2; -89.1; 1514.5; 1610.6; -89.1; 3289.9; 3774.3
1215.0; 57.210; -104.2; 1257.2; 1315.2; -104.2; 3071.4; 3475.4; -83.6; 1511.5; 1611.3; -83.6; 3282.4; 3771.5
1218.0; 57.379; -47.8; 1245.3; 1302.1; -47.8; 3060.5; 3460.6; -46.0; 1517.6; 1621.6; -46.0; 3284.3; 3780.1
1221.0; 57.551; -29.8; 1241.2; 1297.5; -29.8; 3055.2; 3453.7; -34.0; 1517.7; 1624.2; -34.0; 3281.0; 3780.4
1224.0; 57.725; -29.8; 1240.6; 1296.9; -29.8; 3052.5; 3450.4; -34.0; 1515.2; 1623.2; -34.0; 3275.8; 3776.6
1227.0; 57.903; -29.8; 1239.7; 1296.1; -29.8; 3049.9; 3447.2; -34.0; 1513.1; 1622.0; -34.0; 3271.8; 3773.1
1230.0; 58.084; -29.8; 1238.7; 1295.0; -29.8; 3047.5; 3444.3; -34.0; 1511.8; 1620.5; -34.0; 3269.5; 3769.8
1233.0; 58.267; -29.8; 1237.3; 1293.6; -29.8; 3045.6; 3441.8; -34.0; 1511.4; 1618.7; -34.0; 3269.9; 3766.9
1236.0; 58.454; -29.8; 1235.4; 1291.5; -29.8; 3044.3; 3440.0; -34.0; 1512.9; 1616.2; -34.0; 3274.4; 3764.7
1239.0; 58.642; -29.8; 1206.9; 1260.2; -29.8; 3024.3; 3413.5; 184.5; 1546.0; 1640.0; 184.5; 3311.9; 3793.4
1242.0; 58.830; -29.8; 1164.6; 1215.5; -29.8; 2969.0; 3345.2; 634.0; 1587.3; 1709.2; 634.0; 3272.0; 3839.0
1245.0; 59.016; -29.8; 1180.1; 1247.5; -29.8; 2814.0; 3181.3; 1173.9; 1466.6; 1878.5; 1173.9; 2711.1; 3812.3
1248.0; 59.198; -29.8; 1178.4; 1258.7; -29.8; 2778.9; 3160.5; 1233.5; 1452.2; 1905.4; 1233.5; 2633.0; 3807.2
1251.0; 59.376; -29.8; 1176.3; 1240.6; -29.8; 2863.1; 3232.0; 1038.9; 1516.8; 1838.5; 1038.9; 2867.1; 3829.9
1254.0; 59.552; -29.8; 1177.3; 1231.5; -29.8; 2913.6; 3276.0; 914.1; 1548.3; 1798.0; 914.1; 3008.5; 3842.5
1257.0; 59.726; -29.8; 1177.9; 1229.4; -29.8; 2928.9; 3290.7; 875.4; 1557.2; 1786.4; 875.4; 3053.8; 3847.7
1260.0; 59.897; -29.8; 1179.2; 1230.4; -29.8; 2927.7; 3288.7; 890.9; 1554.4; 1791.6; 890.9; 3042.3; 3849.9
1263.0; 60.066; -29.8; 1181.0; 1232.6; -29.8; 2921.2; 3281.0; 924.4; 1547.6; 1802.7; 924.4; 3011.1; 3851.0
1266.0; 60.233; -29.8; 1182.2; 1234.6; -29.8; 2916.8; 3276.8; 946.2; 1543.5; 1810.5; 946.2; 2991.2; 3852.6
1269.0; 60.397; -29.8; 1182.5; 1235.5; -29.8; 2917.2; 3278.4; 948.7; 1544.2; 1812.4; 948.7; 2991.9; 3855.3
1272.0; 60.559; -29.8; 1182.4; 1235.9; -29.8; 2919.8; 3283.2; 940.9; 1547.5; 1811.1; 940.9; 3003.7; 3858.4
1275.0; 60.719; -29.8; 1181.7; 1236.4; -29.8; 2920.9; 3287.5; 934.0; 1550.6; 1810.2; 934.0; 3014.6; 3861.3
1278.0; 60.878; -29.8; 1180.1; 1237.9; -29.8; 2915.4; 3288.9; 935.1; 1552.3; 1812.3; 935.1; 3017.2; 3863.2
1281.0; 61.036; -29.8; 1175.6; 1241.8; -29.8; 2893.5; 3284.1; 951.7; 1552.2; 1820.7; 951.7; 3004.0; 3863.0
1284.0; 61.193; -29.8; 1163.6; 1252.0; -29.8; 2830.4; 3264.8; 1002.6; 1547.8; 1844.1; 1002.6; 2955.1; 3856.9
1287.0; 61.350; -29.8; 1133.9; 1278.8; -29.8; 2665.9; 3208.0; 1140.3; 1527.7; 1906.3; 1140.3; 2811.7; 3835.5
1290.0; 61.504; -29.8; 1062.9; 1347.8; -29.8; 2286.9; 3063.8; 1466.0; 1445.1; 2058.5; 1466.0; 2440.6; 3774.6
1293.0; 61.656; -29.8; 898.8; 1495.3; -29.8; 1611.0; 2787.2; 2020.0; 1196.0; 2347.6; 2020.0; 1738.6; 3639.5
1296.0; 61.804; -29.8; 559.2; 1725.1; -29.8; 766.6; 2415.8; 2640.7; 716.7; 2736.2; 2640.7; 867.2; 3426.9
1299.0; 61.947; -29.8; -41.1; 2023.5; -29.8; -40.4; 2007.7; 3149.6; 7.4; 3165.4; 3149.6; 7.4; 3149.7
1302.0; 62.087; -29.8; -1040.4; 2517.8; -29.8; -708.1; 1679.8; 2552.4; -992.4; 3510.0; 2552.4; -790.4; 2672.0
1305.0; 62.225; -29.8; -2061.4; 3107.6; -29.8; -1096.8; 1579.5; 628.6; -2024.0; 3612.6; 628.6; -1260.0; 2084.5
1308.0; 62.365; -625.3; -2709.3; 3504.9; -625.3; -1312.4; 1592.2; -430.9; -2731.8; 3589.8; -430.9; -1390.6; 1677.0
1311.0; 62.508; -651.6; -2989.4; 3593.7; -651.6; -1348.6; 1504.4; -448.2; -3102.9; 3666.4; -448.2; -1453.1; 1577.2
1314.0; 62.654; -153.2; -3060.7; 3524.7; -153.2; -1271.0; 1352.2; -92.1; -3301.8; 3813.4; -92.1; -1544.3; 1640.9
1317.0; 62.799; -29.9; -3064.9; 3475.4; -29.9; -1223.6; 1280.9; 252.5; -3372.9; 3882.4; 252.5; -1592.1; 1688.0
1320.0; 62.944; -29.8; -3090.0; 3499.3; -29.8; -1245.5; 1302.3; 59.9; -3360.2; 3857.3; 59.9; -1568.4; 1660.3
1323.0; 63.089; -32.3; -3098.4; 3509.1; -32.3; -1255.8; 1313.3; -35.7; -3349.8; 3841.8; -35.7; -1554.9; 1646.0
1326.0; 63.233; -84.4; -3103.6; 3515.7; -84.4; -1265.6; 1324.0; -70.4; -3336.4; 3826.0; -70.4; -1542.4; 1634.3
1329.0; 63.377; -29.8; -3092.8; 3501.6; -29.8; -1253.8; 1311.1; -34.1; -3339.8; 3834.4; -34.1; -1548.7; 1644.0
1332.0; 63.522; -29.8; -3090.0; 3498.1; -29.8; -1253.3; 1310.5; -34.0; -3333.4; 3830.5; -34.0; -1545.5; 1643.0
1335.0; 63.668; -29.8; -3087.3; 3494.5; -29.8; -1252.8; 1310.1; -34.0; -3326.6; 3826.6; -34.0; -1542.2; 1642.1
1338.0; 63.815; -29.8; -3044.8; 3439.1; -29.8; -1200.9; 1253.3; 403.6; -3374.2; 3881.9; 403.6; -1594.5; 1696.1
1341.0; 63.962; -29.8; -3028.7; 3418.2; -29.8; -1180.6; 1231.2; 572.9; -3393.1; 3903.9; 572.9; -1618.4; 1716.8
1344.0; 64.108; -29.8; -3000.9; 3387.0; -29.8; -1181.4; 1233.3; 691.2; -3292.9; 3902.7; 691.2; -1606.7; 1749.1
1347.0; 64.254; -29.8; -2889.5; 3268.2; -29.8; -1192.4; 1254.3; 1092.1; -2894.2; 3885.9; 1092.1; -1520.4; 1872.0
1350.0; 64.398; -29.8; -2808.7; 3196.4; -29.8; -1202.3; 1278.3; 1302.8; -2634.8; 3868.0; 1302.8; -1450.8; 1949.9
1353.0; 64.540; -29.8; -2852.3; 3241.5; -29.8; -1196.5; 1268.2; 1183.2; -2783.7; 3883.3; 1183.2; -1499.3; 1910.0
1356.0; 64.681; -29.8; -2918.7; 3302.1; -29.8; -1192.7; 1254.3; 1012.6; -2982.8; 3901.1; 1012.6; -1552.1; 1853.2
1359.0; 64.821; -29.8; -2958.6; 3339.8; -29.8; -1191.4; 1247.5; 901.5; -3103.7; 3910.8; 901.5; -1579.3; 1818.5
1362.0; 64.960; -29.8; -2974.3; 3355.8; -29.8; -1191.0; 1245.4; 855.4; -3153.4; 3915.5; 855.4; -1589.4; 1805.0
1365.0; 65.099; -29.8; -2973.4; 3356.4; -29.8; -1191.1; 1246.0; 859.6; -3152.8; 3917.3; 859.6; -1589.4; 1806.9
1368.0; 65.237; -29.8; -2958.8; 3346.2; -29.8; -1191.1; 1248.9; 898.5; -3117.4; 3917.2; 898.5; -1582.7; 1820.0
1371.0; 65.374; -29.8; -2931.7; 3329.9; -29.8; -1189.8; 1254.2; 954.0; -3063.7; 3915.3; 954.0; -1572.9; 1839.5
1374.0; 65.511; -29.8; -2893.8; 3312.4; -29.8; -1186.1; 1261.3; 1008.5; -3009.3; 3912.0; 1008.5; -1563.8; 1860.8
1377.0; 65.647; -29.8; -2846.9; 3295.8; -29.8; -1179.3; 1269.8; 1055.9; -2962.0; 3907.7; 1055.9; -1557.5; 1881.7
1380.0; 65.783; -29.8; -2790.0; 3277.8; -29.8; -1169.9; 1279.9; 1103.8; -2914.0; 3902.3; 1103.8; -1551.8; 1904.4
1383.0; 65.918; -29.8; -2719.2; 3254.3; -29.8; -1158.2; 1292.6; 1164.7; -2851.5; 3894.7; 1164.7; -1542.8; 1933.0
1386.0; 66.052; -29.8; -2630.4; 3222.5; -29.8; -1143.9; 1309.3; 1246.0; -2764.7; 3884.0; 1246.0; -1527.0; 1970.8
1389.0; 66.186; -29.8; -2523.0; 3182.0; -29.8; -1126.3; 1330.4; 1346.6; -2653.1; 3869.6; 1346.6; -1503.0; 2018.0
1392.0; 66.318; -29.8; -2400.9; 3135.2; -29.8; -1105.2; 1355.5; 1459.4; -2524.0; 3852.2; 1459.4; -1471.4; 2072.4
1395.0; 66.449; -29.8; -2270.7; 3085.5; -29.8; -1080.9; 1383.5; 1575.9; -2387.5; 3832.8; 1575.9; -1434.1; 2130.8
1398.0; 66.578; -29.8; -2138.3; 3035.3; -29.8; -1053.9; 1413.3; 1690.8; -2250.4; 3812.5; 1690.8; -1392.6; 2190.5
1401.0; 66.705; -29.8; -2007.1; 2985.7; -29.8; -1024.6; 1444.2; 1802.2; -2115.9; 3792.1; 1802.2; -1348.0; 2250.6
1404.0; 66.831; -29.8; -1878.7; 2937.1; -29.8; -993.5; 1475.8; 1909.6; -1984.8; 3771.8; 1909.6; -1300.5; 2310.4
1407.0; 66.956; -29.8; -1754.4; 2890.0; -29.8; -960.7; 1507.7; 2012.6; -1858.0; 3751.8; 2012.6; -1250.7; 2369.6
1410.0; 67.078; -29.8; -1635.4; 2844.8; -29.8; -926.7; 1539.8; 2110.6; -1736.6; 3732.6; 2110.6; -1199.5; 2427.6
1413.0; 67.198; -29.8; -1522.5; 2801.9; -29.8; -891.8; 1571.5; 2203.1; -1621.4; 3714.4; 2203.1; -1147.5; 2484.0
1416.0; 67.317; -29.8; -1416.6; 2761.7; -29.8; -856.6; 1602.7; 2289.9; -1513.2; 3697.4; 2289.9; -1095.7; 2538.5
1419.0; 67.434; -29.8; -1318.0; 2724.2; -29.8; -821.4; 1633.1; 2370.8; -1412.2; 3681.9; 2370.8; -1044.7; 2590.7
1422.0; 67.548; -29.8; -1226.8; 2689.7; -29.8; -786.6; 1662.5; 2446.0; -1318.6; 3667.8; 2446.0; -994.9; 2640.6
1425.0; 67.661; -29.8; -1142.8; 2658.1; -29.8; -752.6; 1690.8; 2515.7; -1232.2; 3655.3; 2515.7; -946.9; 2688.0
1428.0; 67.771; -29.8; -1065.8; 2629.4; -29.8; -719.6; 1717.9; 2580.2; -1152.8; 3644.4; 2580.2; -900.9; 2733.0
1431.0; 67.880; -29.8; -995.3; 2603.4; -29.8; -687.8; 1743.9; 2639.9; -1079.8; 3635.1; 2639.9; -857.1; 2775.6
1434.0; 67.987; -29.8; -930.9; 2579.9; -29.8; -657.3; 1768.7; 2695.3; -1012.9; 3627.2; 2695.3; -815.6; 2816.0
1437.0; 68.091; -29.8; -872.1; 2558.9; -29.8; -628.2; 1792.5; 2746.8; -951.5; 3620.8; 2746.8; -776.3; 2854.4
1440.0; 68.194; -29.8; -818.4; 2540.1; -29.8; -600.5; 1815.1; 2794.6; -895.2; 3615.7; 2794.6; -739.2; 2890.7
1443.0; 68.296; -29.8; -769.5; 2523.4; -29.8; -574.4; 1836.7; 2839.1; -843.8; 3612.0; 2839.1; -704.6; 2925.2
1446.0; 68.395; -29.8; -725.4; 2508.9; -29.8; -550.0; 1857.2; 2880.4; -797.1; 3609.5; 2880.4; -672.3; 2957.8
1449.0; 68.493; -29.8; -686.0; 2496.5; -29.8; -527.6; 1876.5; 2918.5; -755.2; 3608.5; 2918.5; -642.7; 2988.5
1452.0; 68.590; -29.8; -651.9; 2486.6; -29.8; -507.6; 1894.4; 2953.2; -718.4; 3609.1; 2953.2; -616.4; 3016.8
1455.0; 68.685; -29.8; -624.1; 2479.6; -29.8; -491.1; 1910.5; 2983.8; -687.9; 3611.6; 2983.8; -594.1; 3042.4
1458.0; 68.778; -29.8; -604.6; 2476.5; -29.8; -479.4; 1924.1; 3009.3; -665.3; 3616.6; 3009.3; -577.4; 3064.1
1461.0; 68.870; -29.8; -596.1; 2478.6; -29.8; -474.6; 1934.3; 3027.8; -653.4; 3625.1; 3027.8; -568.6; 3080.8
1464.0; 68.961; -29.8; -601.7; 2487.5; -29.8; -478.8; 1939.9; 3037.5; -655.5; 3638.2; 3037.5; -570.3; 3090.6
1467.0; 69.050; -29.8; -623.1; 2504.1; -29.8; -493.0; 1940.3; 3036.8; -674.0; 3656.3; 3036.8; -584.3; 3092.5
1470.0; 69.138; -29.8; -656.9; 2527.1; -29.8; -514.5; 1936.5; 3027.3; -707.2; 3678.6; 3027.3; -609.1; 3087.9
1473.0; 69.225; -29.8; -688.8; 2550.5; -29.8; -534.0; 1932.4; 3016.3; -744.0; 3700.9; 3016.3; -636.5; 3082.8
1476.0; 69.311; -29.8; -692.1; 2562.5; -29.8; -535.3; 1936.1; 3019.8; -760.8; 3715.4; 3019.8; -649.8; 3089.0
1479.0; 69.396; -30.5; -646.7; 2631.6; -30.5; -511.1; 2033.3; 2412.9; -733.4; 3631.8; 2412.9; -628.4; 3033.5
1482.0; 69.480; -32.0; -553.2; 2797.9; -32.0; -457.6; 2267.6; 841.5; -656.2; 3399.9; 841.5; -566.3; 2869.5
1485.0; 69.564; -745.2; -427.3; 3002.8; -745.2; -372.6; 2573.9; -508.1; -537.9; 3081.1; -508.1; -471.3; 2652.1
1488.0; 69.650; -1983.9; -287.4; 3192.3; -1983.9; -262.8; 2883.3; -1335.8; -394.7; 2744.6; -1335.8; -354.6; 2435.5
1491.0; 69.737; -2919.2; -155.2; 3312.2; -2919.2; -147.4; 3123.7; -1959.6; -248.6; 2466.0; -1959.6; -231.2; 2277.5
1494.0; 69.827; -3224.1; -44.4; 3302.5; -3224.1; -43.3; 3224.4; -2163.6; -114.4; 2323.6; -2163.6; -110.8; 2245.5
1497.0; 69.920; -3243.7; 5.6; 3253.6; -3243.7; 5.7; 3243.7; -2176.6; -21.1; 2262.6; -2176.6; -21.0; 2252.7
1500.0; 70.016; -3226.2; -4.6; 3226.2; -3226.2; -4.6; 3226.2; -2164.9; 5.2; 2238.8; -2164.9; 5.2; 2238.8
1503.0; 70.116; -3202.6; -3.5; 3202.6; -3202.6; -3.5; 3202.6; -2149.2; 3.1; 2221.4; -2149.2; 3.1; 2221.4
1506.0; 70.220; -3179.2; -0.4; 3179.2; -3179.2; -0.4; 3179.2; -2133.6; 0.2; 2204.2; -2133.6; 0.2; 2204.1
1509.0; 70.329; -3128.6; -54.7; 3171.8; -3128.6; -54.0; 3129.1; -2099.9; -39.9; 2214.5; -2099.9; -39.2; 2171.7
1512.0; 70.443; -3021.1; -200.9; 3193.5; -3021.1; -191.4; 3027.1; -2028.2; -172.4; 2278.0; -2028.2; -161.1; 2111.6
1515.0; 70.563; -2832.0; -457.1; 3246.7; -2832.0; -407.7; 2861.2; -1902.2; -435.9; 2407.8; -1902.2; -373.3; 2022.3
1518.0; 70.689; -2547.1; -829.5; 3323.8; -2547.1; -671.8; 2634.2; -1712.2; -842.5; 2602.2; -1712.2; -640.8; 1912.6
1521.0; 70.821; -2183.2; -1287.7; 3407.1; -2183.2; -926.3; 2371.6; -1469.7; -1351.5; 2836.5; -1469.7; -902.7; 1801.0
1524.0; 70.959; -1794.0; -1762.3; 3478.1; -1794.0; -1119.4; 2114.6; -1210.2; -1873.4; 3069.7; -1210.2; -1111.1; 1706.1
1527.0; 71.104; -1442.3; -2174.9; 3527.2; -1442.3; -1235.1; 1898.9; -975.7; -2321.0; 3265.4; -975.7; -1254.0; 1637.1
1530.0; 71.257; -1172.9; -2472.9; 3554.3; -1172.9; -1288.6; 1742.5; -796.1; -2648.8; 3404.7; -796.1; -1342.5; 1592.8
1533.0; 71.416; -991.5; -2659.0; 3565.6; -991.5; -1307.2; 1640.7; -675.2; -2861.8; 3491.2; -675.2; -1393.5; 1566.2
1536.0; 71.583; -870.7; -2773.6; 3567.7; -870.7; -1312.2; 1574.8; -594.6; -2993.7; 3543.0; -594.6; -1421.8; 1550.1
1539.0; 71.756; -771.5; -2862.0; 3564.6; -771.5; -1314.6; 1524.2; -528.5; -3081.4; 3580.5; -528.5; -1438.2; 1540.2
1542.0; 71.934; -664.1; -2951.7; 3557.4; -664.1; -1317.4; 1475.3; -456.9; -3149.8; 3617.7; -456.9; -1449.3; 1535.5
1545.0; 72.116; -552.0; -3033.9; 3546.5; -552.0; -1318.4; 1429.3; -382.2; -3201.9; 3653.1; -382.2; -1456.9; 1535.9
1548.0; 72.302; -470.7; -3081.8; 3533.5; -470.7; -1317.7; 1399.2; -328.0; -3222.5; 3673.5; -328.0; -1456.7; 1539.3
1551.0; 72.490; -432.6; -3095.4; 3518.3; -432.6; -1320.8; 1389.9; -302.6; -3192.8; 3673.6; -302.6; -1441.1; 1545.2
1554.0; 72.678; -29.8; -3037.9; 3430.6; -29.8; -1246.7; 1303.4; -34.0; -3204.6; 3755.6; -34.0; -1486.4; 1628.4
1557.0; 72.864; -29.8; -2958.9; 3330.3; -29.8; -1160.2; 1210.1; 733.7; -3258.0; 3849.8; 733.7; -1566.3; 1729.6
1560.0; 73.048; -29.8; -2965.3; 3337.7; -29.8; -1160.5; 1210.0; 707.1; -3275.7; 3850.5; 707.1; -1571.1; 1722.9
1563.0; 73.232; -29.8; -2980.8; 3356.5; -29.8; -1161.8; 1210.6; 631.4; -3323.6; 3850.2; 631.4; -1583.1; 1704.3
1566.0; 73.418; -29.8; -2979.4; 3369.0; -29.8; -1162.3; 1215.7; 562.3; -3345.1; 3845.2; 562.3; -1595.8; 1692.0
1569.0; 73.604; -29.8; -2777.6; 3208.7; -29.8; -1156.7; 1247.9; 1085.0; -2834.1; 3817.8; 1085.0; -1506.9; 1856.9
1572.0; 73.789; -29.8; -2526.7; 3066.9; -29.8; -1133.4; 1305.7; 1445.9; -2385.3; 3768.1; 1445.9; -1391.8; 2006.9
1575.0; 73.972; -29.8; -2549.8; 3114.5; -29.8; -1118.1; 1296.3; 1322.0; -2553.8; 3785.0; 1322.0; -1456.2; 1966.8
1578.0; 74.153; -29.8; -2520.2; 3124.3; -29.8; -1106.1; 1299.7; 1296.1; -2599.3; 3789.0; 1296.1; -1476.1; 1964.4
1581.0; 74.329; -29.8; -2342.8; 3061.9; -29.8; -1072.6; 1333.4; 1440.3; -2438.5; 3763.8; 1440.3; -1438.2; 2035.4
1584.0; 74.500; -29.8; -2037.8; 2942.0; -29.8; -1010.3; 1397.2; 1700.2; -2124.4; 3710.8; 1700.2; -1341.9; 2166.0
1587.0; 74.665; -29.8; -1675.7; 2796.9; -29.8; -919.0; 1480.5; 1990.6; -1754.7; 3640.4; 1990.6; -1199.5; 2324.0
1590.0; 74.823; -29.8; -1311.8; 2647.9; -29.8; -802.1; 1573.2; 2266.6; -1389.2; 3562.7; 2266.6; -1026.0; 2488.0
1593.0; 74.976; -29.8; -968.6; 2502.3; -29.8; -661.7; 1670.6; 2517.3; -1044.1; 3482.2; 2517.3; -829.7; 2650.5
1596.0; 75.123; -29.8; -658.1; 2364.2; -29.8; -501.2; 1769.6; 2738.1; -727.2; 3401.7; 2738.1; -618.6; 2807.1
1599.0; 75.264; -29.8; -390.5; 2238.8; -29.8; -329.3; 1865.8; 2924.5; -447.1; 3325.4; 2924.5; -404.4; 2952.3
1602.0; 75.401; -29.8; -178.2; 2134.0; -29.8; -164.0; 1952.3; 3070.9; -216.8; 3259.6; 3070.9; -206.4; 3077.9
1605.0; 75.532; -29.8; -40.2; 2063.7; -29.8; -39.4; 2017.1; 3169.0; -58.5; 3216.0; 3169.0; -57.8; 3169.5
1608.0; 75.658; -29.8; 0.8; 2045.0; -29.8; 0.8; 2045.0; 3209.6; -0.8; 3209.6; 3209.6; -0.8; 3209.6
1611.0; 75.780; -29.8; -1.4; 2053.0; -29.8; -1.4; 2053.0; 3222.9; 1.4; 3222.9; 3222.9; 1.4; 3222.9
1614.0; 75.898; -29.8; -0.1; 2060.9; -29.8; -0.1; 2060.9; 3236.1; 0.1; 3236.1; 3236.1; 0.1; 3236.1
1617.0; 76.012; -29.8; 0.0; 2068.8; -29.8; 0.0; 2068.8; 3249.3; -0.0; 3249.3; 3249.3; -0.0; 3249.3
1620.0; 76.123; -29.8; 0.0; 2076.7; -29.8; 0.0; 2076.7; 3262.4; -0.0; 3262.4; 3262.4; -0.0; 3262.4
1623.0; 76.231; -29.8; -0.0; 2084.5; -29.8; -0.0; 2084.5; 3275.5; 0.0; 3275.5; 3275.5; 0.0; 3275.5
1626.0; 76.337; -29.8; -0.0; 2092.4; -29.8; -0.0; 2092.4; 3288.6; 0.0; 3288.6; 3288.6; 0.0; 3288.6
1629.0; 76.441; -29.8; 0.0; 2100.3; -29.8; 0.0; 2100.3; 3301.8; 0.0; 3301.8; 3301.8; 0.0; 3301.8
1632.0; 76.542; -29.8; 0.0; 2108.2; -29.8; 0.0; 2108.2; 3314.9; 0.0; 3314.9; 3314.9; 0.0; 3314.9
1635.0; 76.642; -29.8; 0.0; 2116.1; -29.8; 0.0; 2116.1; 3328.1; 0.0; 3328.1; 3328.1; 0.0; 3328.1
1638.0; 76.740; -29.8; 0.0; 2124.0; -29.8; 0.0; 2124.0; 3341.3; 0.0; 3341.3; 3341.3; 0.0; 3341.3
1641.0; 76.837; -29.8; 0.0; 2132.0; -29.8; 0.0; 2132.0; 3354.6; 0.0; 3354.6; 3354.6; 0.0; 3354.6
1644.0; 76.932; -29.8; 0.0; 2139.9; -29.8; 0.0; 2139.9; 3367.8; 0.0; 3367.8; 3367.8; 0.0; 3367.8
1647.0; 77.025; -29.8; 0.0; 2147.9; -29.8; 0.0; 2147.9; 3381.1; 0.0; 3381.1; 3381.1; 0.0; 3381.1
1650.0; 77.117; -29.8; 0.0; 2155.9; -29.8; 0.0; 2155.9; 3394.5; 0.0; 3394.5; 3394.5; 0.0; 3394.5
1653.0; 77.208; -29.8; 0.0; 2163.9; -29.8; 0.0; 2163.9; 3407.8; 0.0; 3407.9; 3407.8; 0.0; 3407.9
1656.0; 77.298; -29.8; 118.6; 2129.4; -29.8; 123.8; 2229.1; 3362.6; 87.8; 3363.7; 3362.6; 89.9; 3463.4
1659.0; 77.386; -29.8; 202.0; 2095.4; -29.8; 219.6; 2294.3; 3312.9; 202.9; 3319.1; 3312.9; 213.1; 3518.0
1662.0; 77.473; -29.8; 273.3; 2066.5; -29.8; 308.0; 2353.4; 3266.2; 302.4; 3280.2; 3266.2; 324.6; 3567.1
1665.0; 77.559; -29.8; 340.6; 2041.0; -29.8; 396.5; 2408.0; 3222.3; 385.9; 3245.4; 3222.3; 422.6; 3612.3
1668.0; 77.644; -29.8; 400.9; 2018.4; -29.8; 480.5; 2458.6; 3181.0; 459.9; 3214.1; 3181.0; 512.9; 3654.3
1671.0; 77.728; -29.8; 454.1; 1998.3; -29.8; 558.9; 2505.9; 3141.9; 527.0; 3185.8; 3141.9; 597.6; 3693.4
1674.0; 77.811; -29.8; 501.7; 1980.3; -29.8; 632.6; 2550.1; 3105.0; 588.1; 3160.2; 3105.0; 677.2; 3730.0
1677.0; 77.893; -29.8; 544.9; 1964.1; -29.8; 702.3; 2591.7; 3070.0; 643.9; 3136.8; 3070.0; 752.1; 3764.4
1680.0; 77.974; -29.8; 584.2; 1949.5; -29.8; 768.6; 2631.1; 3036.8; 695.1; 3115.4; 3036.8; 822.8; 3797.0
1683.0; 78.054; -29.8; 620.1; 1936.1; -29.8; 831.6; 2668.4; 3005.3; 742.4; 3095.6; 3005.3; 889.8; 3827.9
1686.0; 78.134; -29.8; 653.2; 1923.9; -29.8; 891.6; 2703.8; 2975.2; 786.4; 3077.4; 2975.2; 953.5; 3857.4
1689.0; 78.212; -29.8; 683.8; 1912.7; -29.8; 949.0; 2737.6; 2946.6; 827.2; 3060.5; 2946.6; 1014.1; 3885.5
1692.0; 78.290; -29.8; 705.0; 1906.3; -29.8; 990.5; 2766.1; 2919.2; 861.0; 3048.7; 2919.2; 1064.4; 3908.5
1695.0; 78.367; -29.8; 712.9; 1908.4; -29.8; 1006.8; 2785.5; 2893.1; 880.8; 3045.6; 2893.1; 1093.3; 3922.8
1698.0; 78.443; -29.8; 710.3; 1919.1; -29.8; 1001.1; 2795.7; 2868.0; 883.6; 3051.5; 2868.0; 1096.5; 3928.1
1701.0; 78.518; -29.8; 698.8; 1937.5; -29.8; 976.9; 2797.8; 2843.9; 871.1; 3065.2; 2843.9; 1076.3; 3925.5
1704.0; 78.593; -29.8; 680.3; 1961.6; -29.8; 939.0; 2793.8; 2820.8; 846.7; 3084.9; 2820.8; 1038.6; 3917.1
1707.0; 78.668; -29.8; 656.9; 1989.2; -29.8; 892.7; 2785.7; 2798.5; 814.6; 3108.3; 2798.5; 990.1; 3904.8
1710.0; 78.741; -29.8; 630.3; 2018.7; -29.8; 842.2; 2775.5; 2777.0; 778.1; 3133.7; 2777.0; 936.2; 3890.5
1713.0; 78.814; -29.8; 602.2; 2048.7; -29.8; 790.9; 2764.3; 2756.3; 739.8; 3159.8; 2756.3; 880.9; 3875.5
1716.0; 78.887; -29.8; 573.5; 2078.3; -29.8; 740.6; 2753.2; 2736.3; 701.4; 3185.7; 2736.3; 826.7; 3860.6
1719.0; 78.959; -29.8; 545.1; 2107.0; -29.8; 692.7; 2742.6; 2717.0; 664.0; 3210.9; 2717.0; 774.8; 3846.5
1722.0; 79.031; -29.8; 517.5; 2134.6; -29.8; 647.7; 2732.8; 2698.4; 628.0; 3235.1; 2698.4; 726.0; 3833.3
1725.0; 79.102; -29.8; 490.8; 2161.0; -29.8; 605.6; 2723.9; 2680.3; 593.7; 3258.2; 2680.3; 680.3; 3821.1
1728.0; 79.172; -29.8; 465.3; 2186.1; -29.8; 566.5; 2715.8; 2662.8; 561.1; 3280.2; 2662.8; 637.7; 3809.9
1731.0; 79.242; -29.8; 440.8; 2210.2; -29.8; 530.2; 2708.7; 2645.9; 530.3; 3301.2; 2645.9; 598.0; 3799.7
1734.0; 79.312; -29.8; 417.6; 2233.1; -29.8; 496.4; 2702.3; 2629.5; 501.1; 3321.2; 2629.5; 561.0; 3790.5
1737.0; 79.381; -29.8; 395.4; 2255.0; -29.8; 465.0; 2696.7; 2613.5; 473.5; 3340.3; 2613.5; 526.5; 3782.1
1740.0; 79.450; -29.8; 374.4; 2275.9; -29.8; 435.9; 2691.9; 2598.1; 447.3; 3358.5; 2598.1; 494.2; 3774.5
1743.0; 79.519; -29.8; 354.3; 2295.8; -29.8; 408.7; 2687.6; 2583.1; 422.6; 3375.9; 2583.1; 464.2; 3767.7
1746.0; 79.587; -29.8; 335.3; 2315.0; -29.8; 383.4; 2684.0; 2568.5; 399.3; 3392.5; 2568.5; 436.1; 3761.6
1749.0; 79.654; -29.8; 317.3; 2333.3; -29.8; 359.8; 2681.0; 2554.4; 377.2; 3408.4; 2554.4; 409.8; 3756.1
1752.0; 79.722; -29.8; 300.2; 2350.8; -29.8; 337.8; 2678.4; 2540.6; 356.3; 3423.6; 2540.6; 385.2; 3751.2
1755.0; 79.789; -29.8; 284.0; 2367.6; -29.8; 317.3; 2676.4; 2527.2; 336.6; 3438.2; 2527.2; 362.3; 3747.0
1758.0; 79.855; -29.8; 268.7; 2383.8; -29.8; 298.2; 2674.8; 2514.2; 318.1; 3452.2; 2514.2; 340.8; 3743.2
1761.0; 79.922; -29.8; 254.2; 2399.2; -29.8; 280.3; 2673.7; 2501.5; 300.5; 3465.6; 2501.5; 320.7; 3740.0
1764.0; 79.988; -29.8; 240.4; 2414.1; -29.8; 263.6; 2672.9; 2489.2; 284.0; 3478.4; 2489.2; 301.9; 3737.2
1767.0; 80.053; -29.8; 227.4; 2428.4; -29.8; 248.0; 2672.6; 2477.2; 268.3; 3490.8; 2477.2; 284.3; 3734.9
1770.0; 80.119; -29.8; 215.2; 2442.2; -29.8; 233.4; 2672.5; 2465.4; 253.6; 3502.7; 2465.4; 267.7; 3733.0
1773.0; 80.184; -29.8; 203.5; 2455.4; -29.8; 219.7; 2672.8; 2454.0; 239.7; 3514.1; 2454.0; 252.3; 3731.4
1776.0; 80.249; -29.8; 192.5; 2468.2; -29.8; 206.9; 2673.3; 2442.8; 226.5; 3525.1; 2442.8; 237.7; 3730.2
1779.0; 80.313; -29.8; 182.1; 2480.6; -29.8; 194.9; 2674.2; 2431.9; 214.1; 3535.7; 2431.9; 224.1; 3729.3
1782.0; 80.377; -29.8; 172.3; 2492.5; -29.8; 183.7; 2675.2; 2421.3; 202.4; 3546.0; 2421.3; 211.3; 3728.8
1785.0; 80.441; -29.8; 163.0; 2503.9; -29.8; 173.1; 2676.5; 2411.0; 191.4; 3555.9; 2411.0; 199.3; 3728.5
1788.0; 80.505; -29.8; 154.2; 2515.1; -29.8; 163.2; 2678.1; 2400.8; 181.0; 3565.4; 2400.8; 188.0; 3728.4
1791.0; 80.568; -29.8; 145.9; 2525.8; -29.8; 153.9; 2679.8; 2390.9; 171.1; 3574.7; 2390.9; 177.4; 3728.6
1794.0; 80.631; -29.8; 138.0; 2536.2; -29.8; 145.2; 2681.6; 2381.2; 161.8; 3583.6; 2381.2; 167.4; 3729.0
1797.0; 80.694; -29.8; 130.6; 2546.3; -29.8; 136.9; 2683.7; 2371.8; 153.0; 3592.3; 2371.8; 158.0; 3729.7
1800.0; 80.757; -29.8; 123.6; 2556.1; -29.8; 129.2; 2685.9; 2362.5; 144.7; 3600.7; 2362.5; 149.1; 3730.5
1803.0; 80.819; -29.8; 116.9; 2565.6; -29.8; 121.9; 2688.2; 2353.5; 136.8; 3608.9; 2353.5; 140.8; 3731.5
1806.0; 80.882; -29.8; 110.6; 2574.8; -29.8; 115.1; 2690.7; 2344.6; 129.4; 3616.8; 2344.6; 132.9; 3732.7
1809.0; 80.944; -29.8; 104.6; 2583.7; -29.8; 108.6; 2693.2; 2336.0; 122.4; 3624.5; 2336.0; 125.5; 3734.0
1812.0; 81.005; -29.8; 99.0; 2592.4; -29.8; 102.5; 2695.9; 2327.5; 115.7; 3632.0; 2327.5; 118.5; 3735.4
1815.0; 81.067; -29.8; 93.6; 2600.9; -29.8; 96.8; 2698.7; 2319.2; 109.4; 3639.3; 2319.2; 111.9; 3737.0
1818.0; 81.128; -29.8; 88.6; 2609.2; -29.8; 91.4; 2701.6; 2311.0; 103.5; 3646.3; 2311.0; 105.7; 3738.8
1821.0; 81.189; -29.8; 83.8; 2617.2; -29.8; 86.3; 2704.5; 2303.1; 97.8; 3653.3; 2303.1; 99.8; 3740.6
1824.0; 81.250; -29.8; 79.2; 2625.0; -29.8; 81.4; 2707.5; 2295.3; 92.5; 3660.0; 2295.3; 94.3; 3742.5
1827.0; 81.311; -29.8; 74.9; 2632.6; -29.8; 76.9; 2710.6; 2287.6; 87.4; 3666.6; 2287.6; 89.0; 3744.5
1830.0; 81.371; -29.8; 70.8; 2640.1; -29.8; 72.6; 2713.7; 2280.1; 82.6; 3673.0; 2280.1; 84.1; 3746.6
1833.0; 81.432; -29.8; 66.9; 2647.4; -29.8; 68.5; 2716.9; 2272.8; 78.1; 3679.3; 2272.8; 79.4; 3748.8
1836.0; 81.492; -29.8; 63.2; 2654.5; -29.8; 64.6; 2720.2; 2265.5; 73.8; 3685.4; 2265.5; 74.9; 3751.1
1839.0; 81.552; -29.8; 59.7; 2661.4; -29.8; 61.0; 2723.4; 2258.5; 69.7; 3691.4; 2258.5; 70.7; 3753.4
1842.0; 81.612; -29.8; 56.4; 2668.2; -29.8; 57.5; 2726.7; 2251.5; 65.8; 3697.3; 2251.5; 66.7; 3755.8
1845.0; 81.671; -29.8; 53.2; 2674.9; -29.8; 54.2; 2730.1; 2244.7; 62.1; 3703.1; 2244.7; 62.9; 3758.3
1848.0; 81.731; -29.8; 50.2; 2681.4; -29.8; 51.1; 2733.4; 2238.0; 58.6; 3708.7; 2238.0; 59.3; 3760.8
1851.0; 81.790; -29.8; 47.3; 2687.8; -29.8; 48.1; 2736.8; 2231.5; 55.2; 3714.3; 2231.5; 55.9; 3763.3
1854.0; 81.849; -29.8; 44.6; 2694.0; -29.8; 45.3; 2740.2; 2225.0; 52.0; 3719.7; 2225.0; 52.6; 3765.9
1857.0; 81.908; -29.8; 41.9; 2700.2; -29.8; 42.6; 2743.6; 2218.7; 49.0; 3725.0; 2218.7; 49.5; 3768.5
1860.0; 81.966; -29.8; 39.4; 2706.2; -29.8; 40.0; 2747.0; 2212.5; 46.0; 3730.3; 2212.5; 46.5; 3771.1
1863.0; 82.025; -29.8; 37.0; 2712.1; -29.8; 37.5; 2750.4; 2206.4; 43.2; 3735.5; 2206.4; 43.6; 3773.8
1866.0; 82.083; -29.8; 34.7; 2718.0; -29.8; 35.1; 2753.9; 2200.4; 40.5; 3740.5; 2200.4; 40.9; 3776.4
1869.0; 82.142; -29.8; 32.4; 2723.7; -29.8; 32.8; 2757.3; 2194.5; 37.9; 3745.6; 2194.5; 38.2; 3779.1
1872.0; 82.200; -29.8; 30.2; 2729.3; -29.8; 30.5; 2760.7; 2188.7; 35.4; 3750.5; 2188.7; 35.7; 3781.8
1875.0; 82.258; -29.8; 28.1; 2734.9; -29.8; 28.4; 2764.0; 2183.0; 33.0; 3755.4; 2183.0; 33.2; 3784.5
1878.0; 82.316; -29.8; 26.0; 2740.4; -29.8; 26.2; 2767.4; 2177.4; 30.6; 3760.2; 2177.4; 30.8; 3787.2
1881.0; 82.373; -29.8; 24.0; 2745.9; -29.8; 24.2; 2770.7; 2171.9; 28.2; 3765.0; 2171.9; 28.4; 3789.9
1884.0; 82.431; -29.8; 21.9; 2751.2; -29.8; 22.1; 2774.0; 2166.5; 25.9; 3769.8; 2166.5; 26.0; 3792.5
1887.0; 82.488; -29.8; 19.8; 2756.6; -29.8; 20.0; 2777.2; 2161.1; 23.5; 3774.5; 2161.1; 23.6; 3795.1
1890.0; 82.545; -29.8; 17.8; 2761.9; -29.8; 17.9; 2780.4; 2155.9; 21.2; 3779.2; 2155.9; 21.3; 3797.7
1893.0; 82.602; -29.8; 15.6; 2767.2; -29.8; 15.7; 2783.5; 2150.7; 18.8; 3783.9; 2150.7; 18.8; 3800.2
1896.0; 82.659; -29.8; 13.4; 2772.4; -29.8; 13.5; 2786.6; 2145.7; 16.3; 3788.6; 2145.7; 16.4; 3802.7
1899.0; 82.716; -29.8; 11.1; 2777.7; -29.8; 11.2; 2789.5; 2140.7; 13.7; 3793.3; 2140.7; 13.8; 3805.1
1902.0; 82.773; -29.8; 8.7; 2783.0; -29.8; 8.8; 2792.4; 2135.8; 11.1; 3798.0; 2135.8; 11.1; 3807.4
1905.0; 82.830; -29.8; 6.2; 2788.3; -29.8; 6.2; 2795.2; 2130.9; 8.3; 3802.8; 2130.9; 8.3; 3809.7
1908.0; 82.886; -29.8; 3.6; 2793.6; -29.8; 3.6; 2797.8; 2126.2; 5.3; 3807.6; 2126.2; 5.3; 3811.8
1911.0; 82.942; -29.8; 0.8; 2799.0; -29.8; 0.8; 2800.4; 2121.5; 2.2; 3812.4; 2121.5; 2.2; 3813.8
1914.0; 82.999; -29.8; -2.2; 2804.4; -29.8; -2.2; 2802.8; 2116.9; -1.2; 3817.4; 2116.9; -1.2; 3815.8
1917.0; 83.055; -29.8; -5.4; 2809.9; -29.8; -5.4; 2805.1; 2112.4; -4.7; 3822.3; 2112.4; -4.7; 3817.6
1920.0; 83.111; -29.8; -8.8; 2815.4; -29.8; -8.7; 2807.2; 2107.9; -8.4; 3827.4; 2107.9; -8.4; 3819.2
1923.0; 83.166; -29.8; -12.4; 2821.0; -29.8; -12.3; 2809.2; 2103.5; -12.4; 3832.5; 2103.5; -12.4; 3820.8
1926.0; 83.222; -29.8; -16.4; 2826.7; -29.8; -16.3; 2811.0; 2099.1; -16.8; 3837.8; 2099.1; -16.7; 3822.1
1929.0; 83.278; -29.8; -20.8; 2832.6; -29.8; -20.6; 2812.6; 2094.9; -21.5; 3843.3; 2094.9; -21.4; 3823.2
1932.0; 83.333; -29.8; -25.8; 2838.8; -29.8; -25.6; 2813.8; 2090.6; -26.9; 3849.0; 2090.6; -26.7; 3824.0
1935.0; 83.389; -29.8; -31.7; 2845.3; -29.8; -31.4; 2814.6; 2086.5; -33.0; 3855.1; 2086.5; -32.8; 3824.4
1938.0; 83.444; -29.8; -38.8; 2852.3; -29.8; -38.4; 2814.9; 2082.4; -40.3; 3861.7; 2082.4; -40.0; 3824.2
1941.0; 83.499; -29.8; -47.6; 2860.0; -29.8; -46.9; 2814.3; 2078.4; -49.2; 3869.0; 2078.4; -48.7; 3823.3
1944.0; 83.554; -29.8; -58.5; 2868.7; -29.8; -57.4; 2812.7; 2074.4; -60.2; 3877.3; 2074.4; -59.4; 3821.3
1947.0; 83.609; -29.8; -72.2; 2878.6; -29.8; -70.6; 2809.8; 2070.5; -73.9; 3886.8; 2070.5; -72.8; 3818.0
1950.0; 83.664; -29.8; -89.5; 2890.2; -29.8; -87.1; 2805.2; 2066.6; -91.3; 3898.0; 2066.6; -89.7; 3813.1
1953.0; 83.719; -29.8; -111.2; 2903.7; -29.8; -107.6; 2798.6; 2062.8; -113.3; 3911.2; 2062.8; -110.7; 3806.0
1956.0; 83.774; -29.8; -138.3; 2919.7; -29.8; -132.7; 2789.4; 2059.1; -140.7; 3926.8; 2059.1; -136.8; 3796.5
1959.0; 83.828; -29.8; -171.4; 2938.4; -29.8; -163.0; 2777.5; 2055.4; -174.7; 3945.2; 2055.4; -168.7; 3784.2
1962.0; 83.883; -29.8; -211.3; 2960.2; -29.8; -198.7; 2762.4; 2051.7; -216.1; 3966.6; 2051.7; -207.0; 3768.8
1965.0; 83.937; -29.8; -258.3; 2985.2; -29.8; -239.6; 2744.1; 2048.1; -265.4; 3991.2; 2048.1; -251.9; 3750.2
1968.0; 83.991; -29.8; -312.3; 3013.2; -29.8; -285.3; 2722.6; 2044.6; -322.9; 4018.9; 2044.6; -303.2; 3728.4
1971.0; 84.046; -29.8; -372.2; 3043.8; -29.8; -334.4; 2698.4; 2041.1; -387.9; 4049.3; 2041.1; -359.9; 3703.9
1974.0; 84.100; -29.8; -436.4; 3076.3; -29.8; -385.0; 2672.4; 2037.7; -459.0; 4081.4; 2037.7; -420.5; 3677.6
1977.0; 84.154; -29.8; -501.6; 3109.3; -29.8; -434.5; 2645.8; 2034.3; -533.3; 4114.1; 2034.3; -482.4; 3650.6
1980.0; 84.208; -29.8; -563.8; 3141.0; -29.8; -479.8; 2620.3; 2030.9; -606.9; 4145.6; 2030.9; -542.2; 3624.9
1983.0; 84.262; -29.8; -617.6; 3169.4; -29.8; -517.5; 2598.2; 2027.6; -674.5; 4173.7; 2027.6; -596.0; 3602.4
1986.0; 84.315; -29.8; -656.8; 3191.9; -29.8; -543.8; 2581.8; 2024.4; -729.5; 4195.9; 2024.4; -639.2; 3585.8
1989.0; 84.369; -29.8; -675.0; 3206.0; -29.8; -555.2; 2573.8; 2021.2; -764.8; 4209.7; 2021.2; -666.9; 3577.5
